appno,importance
1194/04,4.0
53865/11,4.0
43838/07,4.0
11157/04,3.0
42443/02,3.0
5351/04,4.0
10493/12,4.0
60805/00,4.0
19127/06,4.0
23929/08,4.0
54332/13,4.0
12042/09,4.0
12997/06,4.0
7026/10,4.0
16032/07,3.0
30664/05,4.0
35623/05,3.0
24515/09,4.0
46892/09,4.0
10597/13,4.0
20087/06,3.0
9204/04,4.0
418/04,4.0
12066/02,3.0
25612/12,4.0
68125/14,3.0
77541/01,4.0
36498/05,3.0
54552/09,4.0
10443/08,4.0
41391/06,4.0
20535/03,4.0
23755/07,1.0
53716/17,4.0
22126/93,3.0
59552/08,3.0
36137/13,3.0
74986/10,4.0
27889/03,4.0
23172/08,4.0
6128/04,4.0
30733/08,4.0
71614/01,4.0
17884/12,4.0
7121/15,4.0
12083/03,4.0
75039/01,4.0
49017/99,3.0
11697/05,4.0
10722/03,4.0
9046/07,3.0
152/04,3.0
22824/04,3.0
4451/02,3.0
31045/10,3.0
31721/02,4.0
10926/09,3.0
38206/05,4.0
9511/81,2.0
5207/10,4.0
55463/09,4.0
55520/00,4.0
252/04,4.0
28954/02,4.0
10395/19,4.0
14031/09,4.0
11577/06,3.0
39093/13,4.0
10211/12,4.0
35259/04,4.0
30019/05,4.0
50435/99,3.0
50124/13,3.0
44221/02,4.0
11882/10,1.0
30324/96,4.0
57986/00,3.0
5786/08,1.0
47690/07,4.0
35824/04,4.0
48149/09,4.0
74613/01,3.0
21979/04,4.0
36261/08,4.0
41382/17,4.0
28856/95,3.0
11577/12,4.0
22419/05,4.0
14861/89,3.0
49037/09,4.0
47920/12,3.0
28032/12,4.0
36533/97,3.0
73235/12,3.0
44776/09,4.0
39120/03,4.0
48545/99,4.0
26436/05,4.0
72964/10,4.0
62980/10,4.0
16744/14,4.0
47355/99,4.0
28488/95,3.0
41427/98,4.0
51279/09,3.0
55263/00,3.0
28028/95,3.0
47115/99,4.0
16347/02,3.0
33909/96,4.0
64195/10,4.0
34821/06,4.0
966/14,4.0
50882/99,3.0
1586/05,4.0
19583/05,4.0
26524/04,4.0
60750/00,4.0
12976/07,3.0
37501/06,4.0
45426/06,4.0
39797/05,4.0
13448/07,3.0
23960/02,4.0
47039/11,3.0
51744/99,3.0
47676/99,3.0
1858/03,4.0
23571/02,4.0
19619/03,4.0
8543/05,4.0
47729/08,3.0
29869/13,4.0
21326/07,4.0
23554/03,4.0
18322/05,4.0
70935/11,4.0
55383/00,4.0
22737/04,3.0
58400/16,3.0
7433/05,4.0
10692/09,3.0
32003/13,4.0
57325/00,3.0
703/05,4.0
19294/07,4.0
9566/10,4.0
29372/02,4.0
30731/03,4.0
21194/09,3.0
337/04,4.0
58971/00,3.0
7359/14,4.0
63514/00,4.0
75470/01,4.0
32559/96,4.0
58689/11,4.0
25801/94,3.0
11751/03,3.0
62235/09,3.0
16779/02,4.0
42078/98,4.0
25067/94,1.0
28680/06,3.0
19320/07,4.0
5063/05,4.0
52722/15,3.0
21789/02,4.0
8394/13,4.0
41205/98,1.0
39941/07,4.0
19451/04,4.0
54769/10,4.0
4867/16,4.0
47940/99,3.0
16941/07,4.0
23810/05,4.0
54382/09,4.0
24245/09,4.0
33198/04,4.0
31706/10,3.0
56581/00,4.0
51198/08,3.0
69700/01,4.0
54273/00,3.0
53013/15,4.0
20106/06,3.0
31833/06,3.0
3076/05,4.0
9042/04,4.0
17992/09,4.0
23087/07,3.0
45083/06,4.0
16003/03,4.0
16608/09,3.0
44319/04,4.0
3380/10,4.0
67199/01,4.0
58210/08,4.0
39084/97,3.0
9006/80,2.0
60125/11,3.0
59631/09,4.0
69124/01,4.0
49337/07,3.0
45744/08,3.0
10341/07,4.0
40694/13,4.0
14480/08,3.0
1484/07,3.0
37245/13,4.0
1122/12,3.0
10383/09,4.0
8978/80,2.0
39806/05,3.0
6954/02,3.0
79653/12,4.0
10544/17,4.0
31155/13,4.0
22600/02,4.0
17419/16,4.0
14089/03,4.0
33082/96,4.0
35823/03,4.0
57412/08,1.0
5113/15,3.0
37976/06,4.0
32990/09,4.0
6725/03,3.0
18895/08,4.0
38049/02,4.0
59937/08,4.0
50283/13,4.0
17842/08,4.0
26764/08,4.0
44581/08,4.0
22735/07,4.0
47628/11,4.0
44363/02,3.0
63235/00,1.0
32967/96,1.0
46372/99,2.0
35187/04,4.0
77710/01,3.0
44286/12,4.0
27153/07,4.0
32374/02,4.0
75813/01,4.0
22663/06,4.0
9693/02,4.0
32457/96,3.0
38419/02,4.0
21317/05,4.0
17584/04,4.0
76191/12,4.0
74530/01,4.0
24923/15,4.0
61444/00,3.0
25224/04,4.0
42305/18,3.0
48555/08,4.0
30457/06,3.0
37461/05,4.0
60846/10,3.0
20589/13,4.0
25851/09,3.0
88/02,4.0
59097/13,4.0
12391/06,4.0
3504/02,4.0
49097/08,4.0
34725/08,3.0
11264/04,4.0
20430/04,4.0
3534/06,4.0
45566/08,4.0
7839/15,4.0
54839/17,4.0
22877/04,4.0
39954/08,1.0
77845/01,4.0
26881/02,4.0
68851/16,3.0
69834/01,4.0
22597/02,4.0
57592/08,3.0
24688/05,4.0
33422/03,4.0
1363/02,4.0
33488/02,4.0
20520/08,4.0
33804/96,1.0
26342/04,4.0
51269/07,4.0
22935/11,4.0
17596/06,4.0
15825/06,3.0
24528/02,4.0
57292/12,4.0
6301/73,2.0
22094/04,4.0
40269/02,3.0
63831/00,1.0
42542/04,4.0
15563/06,4.0
15602/07,4.0
5417/06,4.0
32391/96,4.0
35778/11,4.0
2334/03,1.0
36408/97,1.0
63252/00,4.0
28898/95,3.0
19441/03,4.0
6291/05,4.0
42758/05,4.0
50376/09,3.0
7975/07,4.0
35688/11,4.0
44131/05,4.0
64863/13,3.0
39069/97,1.0
1638/03,1.0
45653/13,4.0
16330/02,3.0
53736/08,3.0
24058/13,3.0
62237/14,4.0
4153/10,4.0
44240/12,4.0
4649/08,4.0
37500/04,4.0
54703/08,3.0
25435/06,4.0
65158/09,4.0
43631/09,3.0
10511/10,4.0
2346/02,1.0
10949/10,4.0
473/07,4.0
20988/02,4.0
44372/02,4.0
14049/08,4.0
32913/03,3.0
25834/09,4.0
24402/02,4.0
40058/98,4.0
30613/05,4.0
55722/00,4.0
10426/02,4.0
14326/11,3.0
8014/07,3.0
42454/02,3.0
15729/07,4.0
34124/06,3.0
50934/99,1.0
27833/02,4.0
26595/08,4.0
24705/16,4.0
16084/90,3.0
17993/09,4.0
25017/94,3.0
30742/03,4.0
60708/13,4.0
26586/08,4.0
25480/15,4.0
918/02,3.0
30674/03,4.0
37975/97,3.0
66882/09,4.0
10163/02,3.0
47829/99,3.0
8306/10,4.0
2226/10,3.0
48983/99,4.0
28975/04,3.0
2245/05,4.0
77796/01,4.0
16034/90,3.0
42615/06,3.0
65808/10,3.0
40074/98,3.0
60162/16,4.0
56717/00,4.0
24948/05,4.0
44197/11,4.0
8182/07,4.0
15449/09,3.0
3394/03,3.0
10301/03,3.0
40374/11,4.0
62257/15,3.0
55844/12,4.0
33488/04,4.0
34787/04,4.0
52502/07,3.0
20578/08,4.0
27798/95,1.0
6284/02,4.0
49514/99,4.0
41920/09,4.0
60426/11,3.0
64982/12,4.0
4310/10,4.0
33017/03,4.0
1383/02,4.0
13471/06,4.0
40583/15,3.0
11528/07,3.0
3994/03,4.0
33468/03,3.0
42488/02,3.0
19189/04,4.0
43418/09,3.0
58171/09,4.0
54765/09,4.0
11981/15,3.0
24029/07,3.0
5422/04,4.0
25367/05,4.0
3991/03,3.0
79040/12,3.0
43803/98,4.0
48974/09,4.0
60607/08,4.0
316/07,4.0
58630/11,4.0
44473/14,4.0
11800/85,2.0
36223/06,4.0
60669/00,4.0
54522/00,3.0
66583/11,4.0
48939/99,1.0
35014/97,1.0
2308/06,4.0
31356/04,4.0
74152/01,3.0
38585/04,4.0
3060/07,4.0
37923/12,4.0
50375/07,3.0
30943/04,3.0
10309/03,3.0
26000/02,3.0
40431/04,4.0
31577/17,4.0
4031/16,4.0
18465/05,4.0
42322/09,4.0
70213/01,4.0
31206/02,4.0
51392/99,4.0
24649/10,4.0
23218/94,3.0
29278/16,4.0
41604/98,3.0
1853/08,4.0
19010/07,1.0
38663/97,4.0
74884/13,4.0
55954/00,4.0
2834/06,3.0
22426/11,4.0
41615/07,1.0
9960/05,4.0
20518/04,4.0
14284/08,4.0
8660/09,4.0
14352/05,4.0
49379/09,4.0
42139/12,4.0
3001/06,4.0
34236/06,4.0
40153/09,4.0
28005/12,3.0
47328/99,4.0
49686/99,3.0
68453/13,3.0
48781/12,4.0
72839/01,4.0
11179/84,2.0
42596/98,4.0
25147/07,4.0
20491/92,3.0
32686/96,1.0
18669/08,4.0
52848/99,4.0
36358/14,4.0
12951/11,3.0
28852/06,4.0
30777/03,4.0
18597/13,3.0
58049/11,4.0
1555/04,3.0
21447/04,4.0
34999/97,4.0
62676/16,4.0
43104/04,4.0
73864/01,4.0
38311/02,1.0
11828/08,3.0
68066/12,3.0
47988/09,4.0
49398/99,4.0
10593/08,1.0
26668/95,4.0
32214/03,3.0
17731/03,4.0
27102/02,4.0
73692/12,4.0
29840/03,4.0
74400/01,4.0
23759/02,4.0
22930/05,4.0
68354/01,3.0
50213/99,3.0
38287/02,4.0
77546/14,4.0
72221/11,4.0
41990/18,4.0
51894/14,4.0
19710/02,3.0
43701/14,4.0
59550/11,4.0
7602/06,4.0
7510/04,2.0
75985/12,4.0
29052/03,4.0
7680/05,4.0
32577/96,4.0
76434/01,4.0
38426/03,4.0
54322/14,4.0
52390/99,3.0
52443/99,4.0
38458/15,3.0
6492/11,3.0
6169/13,4.0
52595/09,4.0
33803/04,4.0
58530/08,4.0
23912/12,4.0
37038/97,4.0
42265/06,4.0
23185/03,4.0
35292/05,3.0
24768/06,1.0
29343/10,3.0
21794/08,3.0
3006/03,4.0
75274/01,4.0
55146/14,4.0
32059/02,4.0
38055/06,4.0
46689/12,4.0
59177/10,4.0
20260/04,4.0
50473/11,4.0
31467/06,4.0
15838/13,4.0
23413/94,3.0
46827/99,1.0
14796/11,4.0
19171/03,4.0
64725/01,4.0
26461/06,4.0
43348/13,4.0
7224/11,3.0
10126/82,2.0
14626/03,3.0
40485/08,3.0
34656/03,4.0
41760/04,3.0
41803/04,4.0
47082/12,3.0
32772/02,1.0
37685/02,4.0
42184/09,4.0
14403/04,4.0
36370/08,4.0
66757/14,4.0
5744/05,4.0
31492/05,4.0
53341/99,3.0
22298/11,4.0
34091/03,4.0
32310/08,4.0
36103/04,4.0
14705/09,4.0
35746/11,3.0
36496/02,4.0
33239/96,4.0
15121/11,4.0
33645/07,4.0
31855/03,4.0
3462/04,4.0
10311/03,4.0
33868/05,4.0
7448/16,4.0
42981/06,4.0
73369/01,4.0
38711/03,3.0
37138/14,3.0
34155/96,3.0
78145/01,3.0
13339/11,4.0
62924/10,4.0
46092/06,3.0
42588/10,4.0
26760/95,4.0
16117/02,3.0
39970/02,4.0
38549/97,3.0
21417/04,4.0
23423/94,3.0
21851/03,4.0
17384/06,4.0
27248/03,4.0
26384/02,4.0
13074/07,4.0
60132/00,4.0
7075/10,3.0
22050/05,4.0
36293/02,4.0
16969/90,2.0
15336/02,4.0
64212/01,4.0
10355/09,4.0
8474/14,4.0
50001/12,4.0
34447/05,4.0
54145/10,4.0
20403/05,4.0
17012/09,4.0
77766/01,3.0
20077/04,4.0
43190/10,4.0
15067/04,4.0
75524/13,4.0
34078/02,1.0
15407/05,4.0
7708/12,4.0
13237/17,1.0
30949/96,3.0
45582/99,1.0
42234/02,4.0
23596/04,4.0
21525/93,3.0
13488/07,3.0
4078/03,4.0
41433/06,4.0
12848/03,4.0
50027/08,4.0
30280/03,3.0
9150/05,4.0
25587/94,4.0
747/09,4.0
23741/13,4.0
43854/98,4.0
46702/99,4.0
56842/08,4.0
19813/16,4.0
40909/08,4.0
5138/04,4.0
36617/07,4.0
14743/11,3.0
21834/05,4.0
53051/08,4.0
42906/12,4.0
58650/12,4.0
33696/02,4.0
61411/15,1.0
34784/02,3.0
23272/07,3.0
41063/07,4.0
38035/04,4.0
23702/15,4.0
63647/00,4.0
56666/12,4.0
44260/13,3.0
72019/01,4.0
62187/00,4.0
52634/99,3.0
69162/01,4.0
14466/12,4.0
6496/14,4.0
56193/00,3.0
57830/00,4.0
8658/79,2.0
22840/07,3.0
67240/01,4.0
33704/09,4.0
8610/11,4.0
30361/12,4.0
74961/01,4.0
25528/94,3.0
42875/10,3.0
56720/09,4.0
58191/00,4.0
8237/03,3.0
8304/78,2.0
39438/05,4.0
7054/10,4.0
27359/05,4.0
11522/03,4.0
27804/05,3.0
10393/04,4.0
75628/01,4.0
10737/84,2.0
27644/95,1.0
15508/89,3.0
6962/13,4.0
60249/13,4.0
26565/05,1.0
10911/05,4.0
8999/07,4.0
51768/99,4.0
10346/05,3.0
724/06,4.0
5766/05,4.0
56237/08,4.0
15154/03,4.0
46677/06,4.0
41230/04,4.0
36469/08,4.0
25717/03,4.0
21198/05,4.0
38958/07,4.0
10290/13,4.0
49491/99,3.0
71572/01,3.0
24086/04,4.0
30237/10,4.0
9536/10,4.0
57963/00,4.0
32936/09,4.0
17963/08,4.0
53862/07,4.0
17679/03,4.0
55339/00,3.0
6000/10,4.0
33276/03,4.0
4439/04,3.0
32168/05,4.0
9984/03,4.0
33896/04,4.0
56673/00,1.0
4504/04,4.0
18467/16,4.0
289/14,4.0
24297/05,4.0
46311/08,4.0
24061/04,4.0
26867/02,3.0
22252/02,4.0
14156/07,4.0
33176/06,4.0
50210/99,1.0
36006/11,4.0
43730/06,4.0
39444/08,4.0
4665/04,4.0
20893/03,3.0
7031/05,3.0
77669/12,4.0
41762/15,4.0
32503/10,4.0
50346/07,4.0
26073/03,3.0
12868/05,4.0
26920/09,4.0
24247/04,4.0
25660/94,3.0
13919/12,4.0
39752/98,4.0
7097/11,4.0
33539/02,3.0
55712/00,3.0
35252/08,3.0
32668/02,4.0
28020/05,4.0
21913/05,4.0
38073/97,4.0
38590/10,3.0
7351/04,4.0
5079/04,4.0
7408/05,4.0
38771/05,4.0
21135/09,4.0
34288/04,3.0
30922/05,4.0
10486/83,2.0
26896/02,4.0
44626/98,4.0
31961/96,4.0
44286/06,4.0
65914/01,4.0
5428/05,4.0
49151/07,3.0
3673/05,4.0
66095/09,4.0
30078/06,1.0
36894/04,3.0
19730/10,4.0
16667/10,4.0
29345/09,4.0
42252/02,4.0
7413/05,4.0
76106/01,4.0
25182/94,3.0
26581/17,4.0
28348/13,4.0
12888/02,4.0
23563/07,3.0
17504/07,4.0
44674/05,4.0
28881/07,1.0
51967/99,3.0
8207/06,4.0
14719/03,4.0
23226/16,3.0
49009/09,4.0
265/07,3.0
6694/74,3.0
33234/12,3.0
21074/03,4.0
40016/98,3.0
60974/00,3.0
10640/05,3.0
72413/10,4.0
23458/02,3.0
41140/05,4.0
38958/12,4.0
46581/99,4.0
29784/07,4.0
26958/05,3.0
24753/16,4.0
56998/16,4.0
58104/08,4.0
75786/01,4.0
23592/07,3.0
42476/04,4.0
27710/05,4.0
28501/95,3.0
51497/09,4.0
1564/02,4.0
8263/15,4.0
10649/03,4.0
17828/05,4.0
24735/94,2.0
14523/08,4.0
15123/03,3.0
26118/10,3.0
33866/96,4.0
59445/00,4.0
34588/03,4.0
47974/06,3.0
60333/13,4.0
1484/16,4.0
446/10,4.0
58773/18,4.0
23493/12,4.0
41220/07,4.0
60650/11,4.0
9443/10,4.0
517/02,3.0
21794/93,3.0
34567/08,4.0
73802/01,4.0
4320/05,4.0
47874/99,4.0
49020/08,4.0
23502/06,3.0
57065/14,4.0
14824/02,4.0
54443/10,4.0
69524/01,4.0
26724/03,4.0
26680/95,1.0
17071/05,4.0
10721/02,4.0
10444/13,4.0
60018/00,4.0
22251/08,1.0
62202/00,3.0
11549/02,4.0
68007/01,3.0
61240/15,4.0
35939/10,3.0
40284/98,1.0
53172/10,4.0
60333/00,4.0
42940/06,3.0
25715/02,4.0
8456/08,4.0
1535/03,4.0
15557/15,4.0
37039/03,4.0
302/05,4.0
39972/98,4.0
731/07,4.0
29925/04,4.0
4267/02,4.0
51599/11,4.0
4532/04,4.0
36317/97,4.0
27229/95,1.0
17674/05,4.0
18378/02,4.0
10457/08,4.0
16566/90,3.0
23608/16,3.0
53029/99,4.0
5631/03,4.0
28971/05,3.0
67794/13,4.0
24901/02,4.0
48843/99,1.0
79457/13,4.0
18580/91,2.0
14290/03,4.0
29422/17,4.0
66742/11,4.0
42883/11,3.0
17054/08,4.0
56271/00,4.0
16651/05,4.0
28825/02,4.0
10865/09,3.0
1203/05,4.0
52673/15,4.0
27846/05,4.0
21796/05,4.0
44099/04,4.0
17156/05,4.0
36542/05,4.0
67907/16,4.0
24869/05,4.0
48130/99,3.0
42864/05,3.0
21377/03,3.0
59356/10,4.0
30235/03,3.0
22150/04,4.0
4570/07,4.0
17966/10,3.0
62903/15,3.0
35944/03,4.0
21846/08,4.0
13421/03,4.0
22915/07,4.0
37331/97,1.0
49869/06,4.0
63582/13,4.0
11051/06,4.0
25333/06,3.0
30943/96,3.0
30663/04,3.0
249/03,4.0
48364/11,4.0
20567/02,4.0
40128/02,4.0
29769/09,4.0
38303/02,4.0
37355/97,4.0
11364/03,1.0
45668/06,4.0
63945/00,3.0
44917/08,4.0
9362/81,2.0
2366/07,4.0
30628/02,3.0
12582/03,4.0
5222/07,4.0
63527/00,4.0
18096/12,3.0
23780/08,3.0
12228/86,2.0
24294/94,3.0
30451/96,4.0
58070/12,4.0
67591/12,4.0
21722/11,3.0
39678/98,4.0
51706/11,3.0
60272/00,3.0
25966/04,4.0
28700/03,4.0
44817/04,3.0
75616/01,4.0
17570/15,4.0
65058/01,4.0
40381/05,3.0
17202/04,3.0
52435/99,3.0
38758/05,4.0
34736/03,3.0
35105/04,3.0
66581/12,4.0
12089/07,4.0
11093/07,4.0
66609/09,4.0
19236/07,4.0
34322/02,4.0
31834/96,4.0
28766/06,4.0
55287/10,4.0
43478/11,4.0
18361/91,4.0
11253/07,4.0
46661/09,4.0
21834/14,4.0
27694/02,4.0
73049/01,4.0
37975/02,4.0
62377/16,4.0
18046/12,4.0
9605/03,4.0
44438/06,4.0
47911/15,4.0
47685/13,4.0
15339/02,3.0
5417/13,4.0
74153/01,4.0
56529/00,3.0
70883/01,4.0
50570/13,4.0
10465/17,4.0
21353/10,4.0
38789/04,4.0
48539/99,3.0
22635/04,4.0
29068/10,4.0
13255/07,1.0
49645/09,3.0
6687/10,4.0
4801/04,4.0
14174/09,4.0
21623/13,3.0
21742/02,4.0
35061/04,4.0
68980/13,4.0
10992/14,4.0
62590/09,4.0
34911/06,4.0
15034/02,3.0
36600/09,4.0
80825/13,4.0
2742/12,3.0
33539/12,4.0
49069/11,3.0
61701/11,4.0
33148/11,4.0
1236/05,4.0
29115/07,4.0
5151/15,4.0
47146/11,4.0
17074/09,4.0
33347/07,4.0
8011/02,4.0
5941/06,4.0
56796/00,3.0
5532/10,4.0
17849/91,2.0
14078/12,4.0
17092/04,4.0
40518/98,4.0
16332/18,3.0
38777/04,4.0
76928/11,4.0
16664/07,3.0
10174/02,4.0
2750/07,4.0
42643/98,4.0
25781/94,1.0
34964/97,4.0
42361/12,4.0
54734/12,4.0
10543/02,4.0
30454/08,4.0
41588/05,3.0
7261/06,4.0
72034/01,3.0
66458/01,4.0
22386/04,4.0
19397/10,4.0
38591/06,4.0
10302/05,4.0
4874/03,4.0
30138/02,3.0
20641/92,3.0
16574/08,3.0
37019/97,4.0
12436/11,4.0
23603/14,4.0
50067/13,4.0
39692/09,1.0
47877/99,3.0
24724/94,1.0
15056/02,4.0
38971/97,4.0
29462/95,3.0
14729/06,4.0
22551/06,4.0
4900/06,3.0
25282/06,3.0
35648/04,4.0
32546/08,4.0
59327/19,4.0
46387/99,4.0
15070/89,2.0
16505/02,4.0
25698/15,4.0
38719/03,4.0
1439/06,3.0
48756/14,3.0
22922/03,4.0
13258/09,4.0
3627/06,4.0
15523/89,2.0
1537/08,3.0
2843/05,4.0
23076/16,4.0
42921/09,4.0
67341/10,4.0
66357/14,3.0
17621/91,3.0
75617/01,3.0
51796/99,3.0
6539/02,4.0
20979/07,4.0
33268/03,3.0
25444/94,1.0
45167/06,4.0
16264/05,4.0
21462/04,4.0
27651/05,3.0
27213/04,4.0
9017/80,2.0
61531/14,4.0
55794/00,4.0
12772/06,4.0
79494/17,4.0
44319/11,4.0
39331/09,4.0
45705/07,4.0
4233/03,4.0
49198/10,4.0
52391/99,1.0
2462/03,4.0
44436/06,4.0
44726/04,4.0
35152/09,3.0
37466/04,4.0
5049/12,4.0
6058/02,4.0
58510/00,3.0
43798/05,4.0
9106/80,2.0
38124/07,3.0
75116/01,4.0
36888/13,4.0
21076/06,4.0
34202/06,3.0
49426/09,4.0
28917/05,4.0
636/10,4.0
16447/04,4.0
47944/06,4.0
12717/08,4.0
39657/98,1.0
50218/08,4.0
18052/11,1.0
52783/08,4.0
29281/95,4.0
44898/10,1.0
69981/14,3.0
45102/04,4.0
64581/16,4.0
25248/05,4.0
64204/01,4.0
35443/13,4.0
38238/13,4.0
18705/06,3.0
33915/03,4.0
45806/11,4.0
10736/03,4.0
63571/16,3.0
44837/08,4.0
49278/09,3.0
10921/16,4.0
33264/11,4.0
1850/10,4.0
39900/06,4.0
42987/98,3.0
46248/07,4.0
77164/12,4.0
34545/05,4.0
18072/91,3.0
27556/03,4.0
72754/11,4.0
28260/07,4.0
10277/05,4.0
25792/94,3.0
16212/08,3.0
17358/90,3.0
44187/04,4.0
52464/99,4.0
5123/07,3.0
10011/10,4.0
65122/17,4.0
21861/03,3.0
34630/07,4.0
60457/00,1.0
14074/15,4.0
23524/14,3.0
52168/99,4.0
35090/09,3.0
71601/14,4.0
24561/94,3.0
28790/08,3.0
77568/01,3.0
497/09,3.0
23464/06,4.0
41035/98,3.0
36760/06,1.0
45013/05,4.0
11213/03,4.0
33930/05,4.0
17502/07,3.0
17885/04,3.0
73225/01,4.0
54148/09,4.0
20440/15,4.0
8080/08,3.0
40978/05,4.0
53121/99,3.0
2162/05,4.0
59588/12,4.0
70838/13,3.0
30909/06,3.0
27243/95,3.0
19776/92,2.0
49275/99,4.0
26540/08,3.0
12096/14,3.0
25735/94,1.0
1849/08,4.0
8895/10,3.0
57180/09,4.0
10522/83,2.0
9117/04,3.0
45356/99,4.0
57745/11,4.0
38222/02,1.0
21593/93,3.0
29357/95,4.0
1636/02,4.0
60642/08,1.0
67585/01,4.0
43328/14,4.0
35853/04,3.0
55216/08,3.0
49905/06,4.0
45758/14,4.0
48101/07,4.0
9024/80,2.0
35630/02,4.0
54334/00,3.0
20583/04,4.0
30287/96,3.0
694/14,4.0
35128/02,4.0
38636/06,4.0
52077/10,3.0
40459/05,4.0
7842/04,4.0
65040/01,4.0
20077/02,4.0
76378/01,4.0
6240/18,4.0
27365/06,4.0
4877/15,4.0
8790/79,2.0
15737/02,4.0
38550/02,4.0
53834/07,4.0
25133/06,4.0
8300/06,3.0
58512/16,3.0
19218/91,3.0
68008/01,4.0
26168/04,4.0
13290/11,4.0
22000/03,3.0
28300/06,3.0
24291/08,4.0
17429/10,3.0
26216/07,4.0
6293/04,4.0
1413/07,4.0
3365/08,4.0
37462/09,3.0
7786/13,4.0
56925/08,1.0
38595/97,3.0
9464/11,4.0
3289/10,3.0
15452/07,4.0
15226/05,3.0
26864/03,4.0
11894/85,2.0
34155/08,4.0
25195/02,4.0
37645/04,4.0
31333/06,1.0
6857/02,4.0
27824/95,3.0
60858/15,3.0
18762/06,4.0
65311/09,4.0
1936/63,2.0
19601/92,3.0
29309/16,4.0
4064/03,4.0
37734/14,4.0
40476/98,4.0
42599/08,4.0
16428/05,3.0
46336/99,3.0
11921/04,4.0
1593/06,3.0
28957/95,2.0
26902/13,4.0
36743/97,3.0
26945/06,3.0
27970/12,4.0
61507/00,3.0
3441/02,4.0
5947/72,2.0
44023/02,3.0
29777/96,1.0
47137/07,4.0
5821/10,4.0
27946/02,4.0
32273/12,4.0
9480/06,4.0
48829/06,3.0
22833/07,4.0
14327/88,3.0
48876/08,1.0
15813/13,4.0
22493/05,3.0
46034/99,4.0
38450/12,4.0
24628/94,3.0
29092/95,4.0
23220/04,3.0
49009/07,4.0
14480/04,4.0
10623/08,4.0
32550/05,3.0
10994/05,4.0
17170/04,3.0
22643/14,4.0
3344/04,4.0
70665/01,3.0
31122/05,4.0
46344/06,3.0
40200/02,4.0
3360/03,4.0
8810/05,4.0
41663/04,4.0
2295/06,3.0
2075/13,4.0
76581/01,4.0
10810/05,4.0
38435/05,3.0
32848/06,4.0
18147/02,1.0
8578/04,4.0
14758/08,4.0
39446/06,3.0
42164/09,3.0
15313/15,4.0
33994/06,4.0
25454/06,4.0
49706/99,3.0
21958/05,3.0
34248/05,4.0
15762/10,4.0
26614/95,1.0
21351/93,3.0
11599/14,4.0
37698/97,1.0
36002/08,4.0
25053/02,4.0
38224/03,3.0
33707/05,4.0
48150/11,4.0
47273/99,3.0
6780/18,3.0
27273/95,3.0
34799/07,4.0
45508/99,3.0
45100/98,4.0
29266/08,4.0
51585/99,3.0
22812/05,4.0
6642/05,4.0
65731/01,1.0
27751/95,3.0
42297/98,4.0
8863/06,3.0
55861/00,3.0
44330/07,4.0
23620/05,4.0
12576/12,4.0
37428/06,3.0
46577/15,3.0
38770/02,4.0
49994/14,4.0
21890/93,3.0
25382/04,4.0
71243/01,1.0
31162/09,4.0
1399/07,4.0
8610/02,4.0
858/08,4.0
38898/04,3.0
19859/04,4.0
43076/07,4.0
10581/83,2.0
28417/07,3.0
31143/11,4.0
10280/12,3.0
34262/14,4.0
26115/10,3.0
38726/05,4.0
75041/17,4.0
47429/09,3.0
17957/09,4.0
9096/09,3.0
4941/07,4.0
45439/18,3.0
22495/08,4.0
49771/99,4.0
34332/03,4.0
53567/07,4.0
50326/99,4.0
10730/84,2.0
73182/12,4.0
28625/13,4.0
20127/08,4.0
41116/04,3.0
6638/03,3.0
19129/13,4.0
60214/13,4.0
4767/09,4.0
22231/05,4.0
10025/06,4.0
25968/02,4.0
45394/06,3.0
27291/16,4.0
9593/06,4.0
61978/08,4.0
7626/12,4.0
43449/02,3.0
27225/05,3.0
60934/13,3.0
68416/01,3.0
6210/05,4.0
1820/08,4.0
39462/03,3.0
29912/96,4.0
8537/05,4.0
10425/03,4.0
52895/99,4.0
37568/97,3.0
6858/11,4.0
1752/02,4.0
36220/97,3.0
35589/08,3.0
12547/86,3.0
59066/16,4.0
24893/05,4.0
24383/12,4.0
22636/13,4.0
13416/87,3.0
33949/05,3.0
52849/09,4.0
67647/01,4.0
19177/03,4.0
17056/06,3.0
49915/08,4.0
42440/06,4.0
43485/02,4.0
17323/04,4.0
65745/01,4.0
6051/07,3.0
11068/04,4.0
1600/09,4.0
24360/04,3.0
21724/19,4.0
5856/72,2.0
17362/03,4.0
34473/05,4.0
38887/09,3.0
37586/04,3.0
13344/11,4.0
58278/00,1.0
5682/06,3.0
43151/02,4.0
28883/95,3.0
67145/01,4.0
24853/11,4.0
7798/08,3.0
44803/04,3.0
921/03,3.0
27447/07,3.0
30971/12,4.0
36254/97,4.0
66689/01,4.0
13711/09,4.0
48386/09,4.0
39708/07,4.0
26230/11,4.0
619/12,4.0
65210/09,3.0
68356/01,4.0
49747/11,3.0
18389/03,4.0
41171/98,3.0
26419/10,3.0
45117/08,3.0
28955/06,1.0
49529/10,4.0
13791/06,4.0
17229/06,4.0
35425/07,4.0
29105/03,3.0
69966/01,4.0
46468/06,3.0
4922/02,4.0
53741/00,4.0
3933/04,4.0
2916/02,4.0
9310/81,2.0
46931/12,4.0
22742/02,4.0
36528/05,4.0
65734/01,4.0
54125/10,4.0
31959/13,3.0
39249/03,4.0
30462/15,4.0
49132/10,4.0
27441/07,4.0
47287/15,3.0
11798/85,2.0
8919/80,2.0
3572/06,3.0
29086/12,3.0
75068/12,4.0
52529/12,4.0
8797/16,4.0
59552/11,4.0
21692/06,4.0
33566/11,4.0
56660/12,3.0
42007/98,4.0
32589/96,4.0
10535/09,4.0
72686/01,4.0
34129/96,1.0
30054/96,3.0
11830/03,4.0
67534/01,4.0
39391/04,3.0
53984/00,1.0
18421/05,4.0
23200/10,3.0
50200/13,4.0
14437/05,4.0
19696/10,4.0
6219/08,3.0
21981/93,3.0
67394/17,4.0
53157/11,3.0
20049/15,4.0
40116/02,3.0
39299/02,4.0
21689/93,3.0
35396/97,4.0
36762/06,4.0
26828/06,3.0
69529/01,4.0
50963/99,3.0
310/15,1.0
41585/98,4.0
21163/08,4.0
25168/05,4.0
750/02,4.0
32993/02,4.0
20834/92,3.0
3429/03,4.0
25711/04,4.0
22238/13,4.0
7337/05,4.0
5384/03,4.0
52363/11,4.0
11032/04,3.0
45076/05,3.0
36821/11,4.0
14276/04,4.0
31775/16,4.0
17185/05,3.0
12138/08,4.0
13591/05,4.0
74087/10,3.0
3548/04,4.0
2248/06,4.0
30675/06,4.0
39041/15,4.0
37482/10,4.0
44746/04,4.0
17656/07,4.0
67/04,3.0
27617/06,4.0
59589/10,3.0
5192/16,4.0
41421/05,4.0
48247/06,4.0
50101/12,4.0
35160/05,4.0
23814/15,4.0
10249/03,1.0
6508/05,4.0
41471/10,4.0
3906/06,4.0
55528/08,3.0
37415/02,4.0
15890/89,1.0
76809/01,4.0
51380/07,4.0
18984/91,2.0
45142/14,4.0
64809/10,3.0
34649/16,4.0
21277/05,3.0
71362/01,3.0
9787/82,2.0
41195/02,4.0
66446/01,4.0
18938/07,4.0
77818/12,3.0
28020/03,4.0
40938/16,3.0
35995/09,4.0
11223/04,3.0
19314/07,4.0
6558/06,4.0
34478/97,4.0
19798/04,4.0
46956/09,3.0
38968/04,4.0
33086/04,4.0
64335/13,4.0
6923/03,4.0
1714/10,4.0
57049/00,3.0
28226/02,4.0
10590/83,2.0
26761/95,3.0
20473/02,4.0
58493/13,3.0
42952/04,4.0
42898/17,4.0
7577/02,3.0
41513/98,4.0
21865/02,4.0
24626/03,4.0
42707/10,4.0
51839/99,4.0
19732/04,4.0
15172/13,3.0
27273/09,4.0
22457/02,4.0
45972/99,3.0
6538/74,2.0
32347/02,3.0
48770/15,4.0
23927/94,2.0
70843/01,4.0
7600/09,3.0
20440/11,4.0
11354/05,4.0
36619/03,4.0
39507/13,4.0
1107/04,4.0
40825/98,3.0
8550/03,4.0
18011/12,4.0
14018/08,4.0
25549/94,3.0
38833/03,4.0
18024/04,4.0
16152/03,3.0
36045/02,4.0
43437/02,4.0
36772/02,4.0
31044/08,4.0
13703/04,4.0
37758/05,4.0
25238/08,4.0
27843/11,4.0
42383/02,4.0
42432/98,4.0
17267/03,4.0
30105/05,4.0
51564/99,3.0
19359/04,3.0
22554/04,4.0
66848/01,4.0
383/13,4.0
24842/04,4.0
48176/99,4.0
19440/05,4.0
16608/02,4.0
43151/04,3.0
19856/04,4.0
23969/94,1.0
18990/91,3.0
65075/01,2.0
18907/02,3.0
27618/10,4.0
63164/16,3.0
61050/11,4.0
38103/04,4.0
27080/08,4.0
22492/93,1.0
3360/04,4.0
10978/06,4.0
31449/04,4.0
62303/13,3.0
52557/14,3.0
9685/08,4.0
75955/01,3.0
10597/03,3.0
39855/04,4.0
39970/98,4.0
17888/07,4.0
48059/06,3.0
43165/10,3.0
39496/11,3.0
26654/08,4.0
9248/81,2.0
9840/82,2.0
38623/05,4.0
29609/16,4.0
28095/08,4.0
48616/14,4.0
27368/06,4.0
16412/06,4.0
26504/06,4.0
30100/18,3.0
44759/98,1.0
61432/11,4.0
26587/07,3.0
5381/04,4.0
56224/10,4.0
36500/05,3.0
24536/09,4.0
20723/02,4.0
33323/08,4.0
14260/03,4.0
48833/07,3.0
43553/10,4.0
18949/91,3.0
36083/16,3.0
37819/03,3.0
35991/97,4.0
27454/11,4.0
56070/08,4.0
24959/06,4.0
63409/11,4.0
33856/05,4.0
43664/16,4.0
6155/05,4.0
10799/06,3.0
30634/05,3.0
40559/12,4.0
35361/17,4.0
8607/02,4.0
13907/09,4.0
41744/15,4.0
62332/00,3.0
67036/01,4.0
17295/10,4.0
11508/85,2.0
13418/03,4.0
37927/02,4.0
20963/08,4.0
12544/08,4.0
20326/04,4.0
25527/13,3.0
17127/12,4.0
34942/05,4.0
41704/02,4.0
27853/09,3.0
29732/07,4.0
66042/10,4.0
10709/02,3.0
66754/13,4.0
7615/02,3.0
16184/06,4.0
60388/00,4.0
27360/04,3.0
75742/01,4.0
13166/87,2.0
44116/10,4.0
39758/05,3.0
72118/01,3.0
10441/06,3.0
36417/16,3.0
1411/03,3.0
33839/11,4.0
19457/02,4.0
11778/05,3.0
34736/06,4.0
47784/09,4.0
13119/03,4.0
10288/07,4.0
39151/04,4.0
21769/03,4.0
69498/01,3.0
6813/09,4.0
9304/05,4.0
39163/06,4.0
8982/10,4.0
10424/05,4.0
1532/13,4.0
2647/02,4.0
31960/96,4.0
30523/07,4.0
21772/06,4.0
26626/11,4.0
70926/01,4.0
8008/05,4.0
6818/10,4.0
41293/05,4.0
14810/02,3.0
41418/04,1.0
20142/10,4.0
27353/95,4.0
44558/98,1.0
63153/10,4.0
5747/10,4.0
1346/12,4.0
65582/01,4.0
35363/02,4.0
16483/12,3.0
7481/06,3.0
23240/04,4.0
49317/07,3.0
8355/07,4.0
18368/03,4.0
13541/06,4.0
66456/09,4.0
30530/96,4.0
38433/09,1.0
29763/07,4.0
8139/09,4.0
31585/02,4.0
27623/06,4.0
76236/11,4.0
1805/03,4.0
3598/03,3.0
35637/03,3.0
36662/04,3.0
42086/02,4.0
42973/05,4.0
7345/12,3.0
55822/10,3.0
38280/10,4.0
5738/10,4.0
9311/05,4.0
17229/13,4.0
28298/95,3.0
7873/09,4.0
18949/03,4.0
17779/08,3.0
7909/05,4.0
10208/82,2.0
8320/04,3.0
37555/97,3.0
40907/98,3.0
205/02,4.0
51227/16,4.0
12993/05,4.0
28173/10,4.0
25330/07,3.0
10519/83,3.0
21890/03,4.0
10705/12,4.0
58058/00,4.0
41498/04,4.0
49455/99,4.0
24904/07,4.0
36701/15,4.0
42780/98,4.0
10450/08,4.0
43696/04,4.0
21575/08,3.0
28537/02,4.0
19957/07,4.0
20551/02,4.0
38828/10,4.0
41285/02,3.0
22924/02,4.0
35062/03,4.0
27021/08,1.0
18882/02,4.0
42619/04,4.0
7739/06,4.0
15052/09,4.0
46218/09,4.0
32577/02,4.0
37926/05,4.0
19965/06,4.0
16314/13,4.0
23445/03,3.0
11044/03,4.0
57849/14,4.0
31296/02,4.0
23032/02,4.0
31365/96,3.0
61981/09,4.0
26451/07,4.0
81518/12,4.0
1231/11,4.0
20147/07,4.0
14348/02,3.0
28309/06,4.0
29957/14,4.0
28653/05,4.0
28496/17,4.0
29400/05,3.0
1941/06,4.0
14062/05,4.0
37289/02,4.0
22536/11,4.0
1451/10,4.0
13769/04,4.0
40022/05,4.0
42583/06,4.0
31611/96,1.0
29286/95,4.0
34356/06,3.0
9399/03,4.0
36321/16,4.0
28774/09,4.0
48758/99,3.0
38228/05,4.0
9414/13,4.0
47891/99,4.0
9540/07,3.0
39912/06,4.0
4225/02,4.0
16254/08,4.0
26386/02,4.0
24839/94,1.0
42977/04,4.0
23386/09,4.0
21539/02,3.0
32910/06,4.0
26308/15,4.0
8235/03,4.0
38388/07,4.0
57671/00,3.0
38201/16,3.0
43174/10,4.0
28749/18,3.0
22277/93,1.0
33192/07,3.0
36229/11,4.0
41698/04,3.0
45075/15,4.0
35289/11,1.0
5614/72,2.0
9842/07,4.0
864/13,4.0
13126/87,2.0
33099/08,3.0
8917/05,3.0
32338/07,4.0
23864/06,4.0
9103/04,3.0
33238/96,4.0
28965/02,4.0
23818/94,2.0
22/03,3.0
28353/06,4.0
54135/07,4.0
16870/03,4.0
5531/04,4.0
32151/09,4.0
4634/04,3.0
65499/11,4.0
62194/00,4.0
68351/01,4.0
231/15,3.0
30452/96,4.0
77708/01,4.0
71021/13,4.0
41683/06,3.0
24211/08,4.0
852/05,4.0
47152/06,1.0
29958/04,4.0
23086/07,4.0
11773/08,4.0
67326/01,4.0
69911/01,4.0
23667/06,4.0
64401/11,4.0
28221/08,3.0
31849/05,4.0
62435/00,4.0
3130/03,4.0
20292/04,4.0
11388/15,4.0
27527/03,3.0
64855/11,4.0
25086/94,3.0
58455/13,3.0
16741/16,4.0
54539/12,4.0
7097/10,3.0
2421/13,4.0
73011/13,4.0
23284/04,3.0
66289/01,3.0
29798/96,3.0
31845/18,4.0
27935/05,3.0
47067/11,4.0
15612/10,4.0
2971/08,4.0
22235/02,4.0
7723/07,4.0
20789/07,4.0
6372/05,4.0
46503/99,3.0
36697/03,4.0
9019/80,3.0
5493/72,2.0
33947/05,4.0
39437/98,3.0
9254/03,4.0
69949/01,3.0
23682/13,3.0
55391/13,3.0
17060/03,3.0
16899/13,3.0
42931/10,3.0
29570/02,4.0
11127/08,4.0
28426/06,3.0
32440/08,4.0
35298/04,3.0
2229/15,3.0
17972/07,3.0
20870/04,4.0
31145/96,1.0
77938/11,4.0
12938/07,4.0
46132/08,3.0
58764/09,4.0
22156/04,4.0
22429/07,3.0
24710/06,4.0
33870/96,4.0
38405/02,4.0
44508/04,4.0
50624/09,4.0
32367/96,3.0
6056/14,4.0
73219/01,4.0
18500/10,4.0
40080/08,4.0
28433/02,3.0
68136/01,4.0
35601/04,3.0
59545/10,3.0
25360/04,4.0
14298/06,4.0
20348/92,3.0
30165/02,4.0
47703/99,4.0
42597/13,4.0
19591/18,4.0
73203/01,4.0
42561/04,4.0
40774/02,3.0
52100/08,4.0
73469/10,3.0
16785/09,4.0
28780/02,4.0
37341/06,3.0
46311/99,1.0
16155/04,4.0
8044/06,4.0
13151/04,3.0
75726/01,3.0
52256/07,4.0
3082/06,4.0
53546/99,4.0
8000/08,3.0
32425/08,4.0
3500/04,4.0
50702/17,4.0
56443/11,4.0
67255/01,4.0
29898/03,4.0
41040/11,3.0
63315/00,4.0
9562/81,2.0
31345/05,4.0
1009/16,4.0
15783/10,4.0
66338/09,4.0
595/08,4.0
46797/08,4.0
7219/14,4.0
42559/08,4.0
46726/99,1.0
67026/01,4.0
33210/07,3.0
48730/99,4.0
62054/12,3.0
76900/01,3.0
38743/97,3.0
16602/06,4.0
42096/98,4.0
25166/05,4.0
47666/13,4.0
17945/03,3.0
51165/08,4.0
53791/11,3.0
50034/99,4.0
25452/03,4.0
10328/83,2.0
50552/13,4.0
25964/02,4.0
58954/09,4.0
16463/09,4.0
31391/05,4.0
38000/05,3.0
7928/02,4.0
54810/00,1.0
29175/04,4.0
18353/12,4.0
8273/78,2.0
18611/04,4.0
3727/08,3.0
28189/04,3.0
41354/10,4.0
57785/00,4.0
2361/05,3.0
17030/04,4.0
21998/14,4.0
15253/10,4.0
45095/06,4.0
25707/05,4.0
5871/07,3.0
62798/09,4.0
53494/09,4.0
34986/05,4.0
74552/01,3.0
11620/07,3.0
17089/03,3.0
22999/06,3.0
57053/12,4.0
64867/09,4.0
23459/03,4.0
5788/02,4.0
11810/03,2.0
75573/01,4.0
2749/17,4.0
25032/11,4.0
65659/01,3.0
13716/02,3.0
48001/99,4.0
44543/04,4.0
38184/03,3.0
32131/08,3.0
67544/13,4.0
79947/12,4.0
56110/09,4.0
1758/04,4.0
75947/11,3.0
40721/08,3.0
5457/03,3.0
61394/14,4.0
5193/09,3.0
68930/01,4.0
53565/13,4.0
35355/08,4.0
32541/08,1.0
13519/02,4.0
17953/08,4.0
23405/03,4.0
7478/03,4.0
72758/01,3.0
3790/05,3.0
37858/08,4.0
34539/02,3.0
28490/95,3.0
11209/84,2.0
58555/10,4.0
33348/96,1.0
17215/07,4.0
24325/03,3.0
45440/04,3.0
28481/03,3.0
30767/05,3.0
10583/09,4.0
39804/04,4.0
15084/03,3.0
35002/05,4.0
56854/13,3.0
14932/09,4.0
74609/10,4.0
75330/01,3.0
45776/16,3.0
3514/02,3.0
36658/05,1.0
73102/01,4.0
76918/01,3.0
55539/00,4.0
5730/03,4.0
31465/08,3.0
34454/97,4.0
5029/71,2.0
656/06,3.0
42863/02,4.0
48723/07,4.0
74448/12,3.0
12853/03,3.0
34932/04,1.0
20100/06,4.0
26129/95,3.0
21791/05,4.0
16179/14,3.0
41187/02,3.0
1895/04,4.0
67482/10,4.0
77955/01,3.0
7654/02,4.0
34764/07,4.0
11841/02,4.0
29171/16,4.0
20792/08,4.0
32104/06,3.0
25632/02,4.0
65719/01,4.0
19327/13,4.0
18270/14,4.0
14234/88,2.0
10687/02,3.0
8681/06,4.0
60225/00,4.0
32042/11,4.0
1262/02,4.0
27728/08,4.0
10332/02,4.0
66436/12,4.0
49905/07,4.0
37095/97,4.0
47938/07,4.0
27347/02,4.0
8549/06,3.0
8049/07,4.0
23037/04,4.0
34388/05,3.0
26144/95,3.0
43377/98,3.0
12673/05,4.0
37008/97,4.0
40217/02,4.0
16159/03,4.0
55508/07,1.0
18620/03,3.0
9941/03,4.0
32576/96,1.0
33079/96,4.0
42260/02,4.0
8362/02,4.0
11537/11,4.0
32501/09,4.0
26541/02,4.0
20271/05,4.0
28212/95,3.0
6106/04,4.0
7755/05,4.0
7638/02,4.0
3522/04,4.0
8088/05,3.0
6671/14,4.0
18988/16,4.0
32849/05,4.0
31153/03,4.0
15924/05,3.0
30157/03,3.0
23379/94,3.0
34661/07,3.0
17701/03,4.0
6644/08,3.0
44730/98,3.0
75300/01,3.0
70288/13,3.0
13312/12,4.0
26073/09,4.0
70335/01,4.0
11593/12,3.0
2118/10,4.0
75472/01,3.0
47558/10,4.0
50293/99,4.0
6268/08,3.0
29580/12,3.0
17010/04,4.0
33643/03,4.0
21425/04,4.0
29995/08,3.0
54872/08,4.0
52018/10,4.0
62357/14,3.0
59196/08,4.0
19558/09,4.0
12686/03,4.0
69146/01,4.0
3401/09,3.0
5339/07,4.0
81024/12,3.0
58701/00,4.0
42858/06,4.0
8265/04,4.0
10558/03,4.0
23304/05,4.0
77688/01,4.0
59474/11,4.0
18954/91,1.0
68337/01,4.0
52555/99,4.0
45006/98,4.0
17249/12,3.0
33728/05,4.0
75271/10,4.0
30033/05,3.0
68974/11,4.0
77819/01,4.0
48528/09,4.0
4493/11,3.0
31300/05,4.0
22493/07,4.0
2765/09,4.0
41720/13,1.0
29518/10,3.0
1727/04,3.0
35237/14,4.0
57240/14,4.0
23022/13,3.0
3682/10,4.0
14594/07,4.0
40897/98,3.0
13442/08,4.0
16629/05,4.0
44068/07,3.0
31382/96,3.0
67137/01,3.0
37986/09,4.0
48057/06,4.0
47921/08,4.0
40324/98,3.0
62439/12,3.0
25444/03,4.0
32347/04,4.0
7940/05,4.0
24340/08,4.0
57813/00,3.0
1099/08,4.0
17271/04,3.0
26986/03,3.0
33538/96,3.0
41956/98,4.0
4704/04,4.0
27368/07,4.0
65755/01,3.0
31594/08,4.0
36259/04,3.0
24141/06,4.0
10675/03,4.0
45311/05,4.0
54655/07,4.0
48921/13,3.0
31536/07,3.0
22289/08,4.0
22185/07,4.0
48345/12,4.0
11785/02,4.0
21774/06,4.0
9719/02,4.0
33469/06,4.0
28237/03,4.0
29290/10,3.0
25289/94,1.0
42797/06,4.0
83594/17,4.0
18706/16,4.0
21638/03,3.0
7435/04,4.0
67385/01,4.0
4919/16,4.0
68946/10,4.0
27143/95,3.0
31475/10,4.0
11621/09,3.0
70597/11,3.0
38128/02,4.0
67685/14,4.0
22014/04,3.0
15374/11,3.0
62730/00,4.0
29258/16,4.0
13801/07,4.0
5482/05,4.0
49684/99,4.0
26862/03,4.0
25952/03,3.0
44694/13,3.0
17868/07,4.0
21702/93,2.0
22649/08,3.0
36337/10,4.0
16519/05,4.0
19949/03,4.0
58821/08,4.0
69180/11,4.0
43837/06,4.0
4721/06,4.0
63686/13,4.0
39609/98,3.0
64387/01,4.0
7/08,1.0
842/02,4.0
21510/03,4.0
33200/11,4.0
58643/00,4.0
42124/98,3.0
74532/01,4.0
27770/08,3.0
24466/03,4.0
5076/05,4.0
78377/13,4.0
62776/00,4.0
54891/00,3.0
5231/04,4.0
27820/04,4.0
32558/03,4.0
14521/03,4.0
49746/99,4.0
15318/89,1.0
32053/13,4.0
34081/96,4.0
16354/06,1.0
13462/06,4.0
64207/01,4.0
23286/04,3.0
13134/87,2.0
17122/02,3.0
40676/11,4.0
40927/05,3.0
16997/90,3.0
45299/99,4.0
39660/02,3.0
16385/07,4.0
39598/98,4.0
697/07,4.0
63478/00,4.0
45519/06,4.0
15319/09,3.0
65192/11,3.0
51920/09,4.0
5952/07,4.0
18148/05,4.0
7158/04,4.0
21262/06,4.0
10161/13,3.0
9668/10,4.0
28926/10,3.0
26429/07,3.0
34728/02,4.0
29908/11,3.0
65290/14,3.0
31462/07,4.0
5442/11,4.0
17472/04,4.0
54966/09,4.0
63354/00,4.0
41340/98,1.0
16160/90,4.0
54427/08,4.0
36042/97,3.0
30814/06,3.0
39013/05,4.0
69714/16,4.0
23885/94,1.0
14662/07,4.0
29790/14,4.0
74336/01,3.0
51962/12,4.0
76293/01,4.0
35581/06,4.0
38144/02,4.0
21380/93,3.0
1371/03,4.0
30001/03,4.0
28956/05,3.0
10274/08,4.0
18469/06,3.0
30906/06,4.0
45115/09,4.0
75788/01,4.0
6433/09,4.0
3450/09,4.0
5663/04,4.0
51429/99,4.0
7369/09,4.0
28389/95,4.0
41431/98,4.0
59166/12,3.0
50147/07,4.0
29851/96,4.0
15035/03,4.0
42571/98,1.0
75804/01,3.0
47821/09,4.0
38004/12,3.0
27510/08,3.0
29116/03,4.0
62155/00,3.0
62068/08,4.0
55942/15,4.0
34421/09,4.0
10387/07,4.0
19554/11,3.0
609/07,4.0
25501/02,4.0
38670/97,4.0
18491/07,3.0
23052/05,3.0
30112/04,4.0
39701/14,3.0
45009/13,4.0
13557/02,4.0
26390/95,4.0
30218/96,1.0
64418/10,4.0
4241/12,3.0
46851/07,4.0
2914/02,4.0
59491/00,3.0
61170/09,4.0
53044/13,4.0
76943/11,1.0
70890/13,4.0
11946/11,4.0
41675/08,3.0
4938/16,4.0
32241/07,4.0
33102/04,4.0
25580/03,4.0
15764/89,2.0
27365/07,4.0
34761/03,3.0
39047/11,4.0
280/06,4.0
58887/00,4.0
34690/05,3.0
66953/09,4.0
61257/08,4.0
60790/12,4.0
47274/15,4.0
48990/99,4.0
10060/07,3.0
32165/02,3.0
12470/04,4.0
32513/08,4.0
34526/15,4.0
1128/16,3.0
57123/10,4.0
41220/98,2.0
7910/10,4.0
44095/06,4.0
58040/09,4.0
45291/05,4.0
9072/02,3.0
32006/96,4.0
32631/09,3.0
38478/05,3.0
1839/04,3.0
38016/07,3.0
47696/10,4.0
45611/13,4.0
82/02,4.0
54071/00,3.0
26892/05,4.0
30765/08,3.0
15601/02,3.0
31406/03,4.0
17221/13,4.0
22684/05,3.0
41226/09,3.0
27159/95,3.0
72374/01,4.0
22508/02,3.0
20289/10,4.0
24014/05,3.0
40412/98,3.0
5734/14,4.0
24857/07,4.0
69319/12,4.0
20482/03,4.0
66019/01,4.0
31596/07,4.0
43239/04,4.0
43531/08,3.0
12584/05,4.0
42413/09,4.0
16391/05,4.0
37075/09,4.0
6587/04,3.0
13909/05,3.0
35673/97,4.0
46192/07,4.0
38762/03,4.0
44388/17,4.0
31417/96,3.0
30049/02,4.0
27887/06,4.0
39034/04,4.0
29295/95,3.0
11184/03,4.0
36801/06,3.0
71891/10,4.0
34230/07,4.0
16854/03,4.0
10048/10,3.0
16092/05,4.0
8544/79,2.0
31466/09,4.0
22174/06,4.0
73974/14,4.0
45392/11,4.0
22581/15,4.0
34619/97,3.0
63468/00,4.0
20484/05,4.0
12106/09,4.0
4834/06,4.0
11788/16,4.0
20772/92,3.0
42872/02,4.0
28541/95,1.0
73748/13,4.0
72174/10,4.0
7994/14,4.0
50757/07,4.0
66079/01,4.0
34592/06,4.0
57807/00,4.0
31185/14,4.0
72065/17,3.0
42119/12,4.0
6924/02,4.0
29090/06,3.0
32881/04,3.0
12742/87,2.0
10042/11,4.0
59645/00,4.0
39505/98,4.0
45559/04,4.0
70337/01,3.0
31373/11,4.0
69596/13,4.0
8747/02,4.0
20857/05,4.0
18108/03,4.0
41242/08,3.0
17444/04,4.0
38736/04,3.0
301/12,4.0
27603/15,4.0
23410/09,4.0
9724/03,4.0
27414/17,4.0
74411/01,4.0
59443/12,4.0
65245/11,4.0
21477/10,3.0
3111/10,3.0
20919/92,3.0
21613/07,3.0
32963/16,4.0
39058/05,3.0
32896/07,4.0
26410/02,4.0
2312/08,1.0
37959/02,3.0
46977/15,4.0
29143/09,4.0
43901/07,4.0
37105/09,4.0
13310/04,4.0
17792/07,4.0
33637/02,3.0
16654/90,4.0
44689/16,4.0
30287/09,4.0
74321/01,4.0
55056/10,4.0
35630/04,4.0
9849/15,4.0
8296/05,4.0
68443/01,3.0
30671/08,3.0
74163/13,4.0
4417/02,4.0
71160/13,4.0
1206/03,4.0
67608/11,4.0
48015/99,4.0
39420/03,4.0
17285/08,4.0
8413/02,4.0
16567/10,3.0
9916/13,4.0
17889/07,4.0
61485/08,3.0
41579/98,3.0
15989/11,4.0
5270/04,4.0
17080/07,3.0
27791/09,4.0
17294/04,4.0
34576/08,4.0
70898/01,4.0
61382/09,3.0
679/11,4.0
27719/02,4.0
54227/14,3.0
69955/01,4.0
14904/11,4.0
48105/17,4.0
30210/96,1.0
33392/12,3.0
39857/03,4.0
8865/06,4.0
49128/06,4.0
41012/05,4.0
21823/03,4.0
15573/89,2.0
30873/96,3.0
6636/09,4.0
3912/15,4.0
21267/14,4.0
26744/02,4.0
12850/87,2.0
38187/97,3.0
50015/99,1.0
23103/07,4.0
13469/06,3.0
45783/05,3.0
43768/07,4.0
54012/07,4.0
1441/07,4.0
28523/95,3.0
26826/10,4.0
27715/95,4.0
60393/13,4.0
8934/05,4.0
24755/94,2.0
50031/11,4.0
38191/12,3.0
13642/06,3.0
15974/90,3.0
45476/04,4.0
31407/07,3.0
6833/74,2.0
5928/13,4.0
30364/09,4.0
38114/03,4.0
77018/01,3.0
64836/16,4.0
33954/05,4.0
39619/98,4.0
42091/02,4.0
14220/88,3.0
57405/15,4.0
47402/99,4.0
72986/10,4.0
25851/06,4.0
6735/03,4.0
28823/04,3.0
4947/04,4.0
32190/96,3.0
17835/07,3.0
41313/06,4.0
36689/02,4.0
4956/15,4.0
7988/09,3.0
61928/13,4.0
38055/97,3.0
15187/03,4.0
17862/91,3.0
28157/08,4.0
33488/96,1.0
61495/11,3.0
33584/02,4.0
27413/09,3.0
20022/92,3.0
16621/05,4.0
35257/04,4.0
3363/08,4.0
25236/02,4.0
23691/06,4.0
25230/02,4.0
31330/02,4.0
35343/05,1.0
63412/00,4.0
7097/18,4.0
2594/07,3.0
13289/06,4.0
3360/09,4.0
2815/05,4.0
28181/11,4.0
10780/07,4.0
39575/06,4.0
17707/02,3.0
11681/85,2.0
22072/02,4.0
50264/08,3.0
5481/19,4.0
59444/00,4.0
49892/99,4.0
32045/10,3.0
48321/99,1.0
3681/06,3.0
66742/01,4.0
26297/95,3.0
65107/16,4.0
22956/04,4.0
35887/05,4.0
5044/02,4.0
72976/01,4.0
35722/15,4.0
23186/94,2.0
34044/08,4.0
7997/08,3.0
20982/07,4.0
1774/11,4.0
27244/09,3.0
49379/13,4.0
24271/05,3.0
36305/03,4.0
11760/85,2.0
2952/06,4.0
21627/93,3.0
2866/16,4.0
2611/07,3.0
33800/12,4.0
4551/10,4.0
41703/06,4.0
69533/01,4.0
31043/04,4.0
45289/99,4.0
35264/04,3.0
57467/15,3.0
19462/04,4.0
17101/90,3.0
83399/17,4.0
34126/05,4.0
50541/08,3.0
12222/09,4.0
35023/04,3.0
69916/10,4.0
1192/04,4.0
63551/13,4.0
39948/06,3.0
33908/04,3.0
42431/02,4.0
36446/04,4.0
46663/15,4.0
17721/02,4.0
41302/02,3.0
75872/01,4.0
4374/05,4.0
57426/14,4.0
28973/11,3.0
28040/08,3.0
19601/16,4.0
54659/00,4.0
22053/02,4.0
23118/93,1.0
45498/11,4.0
25586/94,4.0
32248/12,4.0
10833/03,4.0
44885/04,4.0
38988/02,4.0
50130/12,4.0
12350/04,3.0
45727/16,4.0
27341/02,4.0
38767/07,4.0
36407/12,4.0
32327/06,4.0
56422/09,3.0
5774/10,3.0
68919/10,4.0
18114/06,4.0
3947/03,4.0
13092/87,2.0
12739/05,4.0
46030/18,4.0
3532/07,3.0
33064/15,4.0
16174/02,4.0
13812/09,3.0
45196/04,4.0
45158/09,4.0
3653/05,3.0
26321/03,3.0
11890/05,3.0
27295/03,4.0
38779/04,4.0
29946/10,4.0
18328/03,4.0
39747/10,4.0
18541/04,3.0
56767/00,1.0
34171/04,4.0
34489/05,4.0
37293/09,4.0
2034/07,3.0
32008/05,4.0
17054/06,4.0
52159/99,4.0
60231/00,4.0
4889/05,4.0
50385/99,1.0
40833/07,4.0
39647/98,1.0
71551/01,4.0
27058/05,3.0
7942/05,3.0
32715/06,3.0
57670/00,4.0
7516/04,4.0
7883/07,4.0
43349/05,4.0
74820/14,4.0
33132/02,4.0
40385/06,3.0
36811/97,4.0
37212/02,3.0
17262/07,4.0
22330/05,3.0
52624/10,4.0
51559/99,4.0
9959/06,4.0
41604/11,4.0
12535/06,3.0
36822/06,4.0
24882/94,1.0
13439/10,4.0
622/11,4.0
527/07,4.0
12793/02,4.0
36144/09,4.0
38780/02,4.0
24435/04,4.0
21816/03,4.0
19106/03,4.0
24162/06,4.0
49197/06,3.0
70945/11,3.0
29918/96,4.0
7834/12,4.0
33509/04,3.0
23782/06,3.0
39583/05,3.0
3678/06,4.0
49176/99,3.0
48316/08,4.0
41603/05,4.0
33809/08,3.0
21666/09,4.0
42534/09,3.0
8209/78,2.0
28686/06,4.0
26771/03,3.0
1092/04,3.0
12803/02,4.0
42932/11,4.0
39327/02,4.0
4633/15,3.0
50187/06,4.0
12398/86,2.0
21880/03,3.0
60104/08,3.0
17022/02,4.0
18967/07,4.0
6303/05,3.0
8543/04,4.0
33066/04,4.0
37930/02,4.0
2220/05,4.0
5782/10,4.0
37894/07,4.0
5194/07,4.0
3627/07,4.0
57837/09,4.0
15450/89,3.0
12490/86,2.0
1062/03,3.0
68868/14,3.0
4755/16,3.0
28524/95,1.0
72331/01,3.0
40167/06,1.0
5761/03,4.0
42969/09,4.0
37614/11,4.0
3459/13,4.0
1056/05,4.0
5943/07,4.0
40679/98,2.0
74073/01,4.0
131/02,4.0
64218/01,4.0
20225/92,3.0
56074/10,4.0
44460/16,3.0
25703/11,1.0
17650/02,4.0
64236/01,4.0
5190/14,4.0
58274/15,4.0
2040/04,4.0
10092/13,4.0
77835/01,4.0
29926/08,4.0
32940/08,3.0
48917/15,4.0
64752/09,4.0
37873/04,3.0
44774/98,3.0
35017/03,4.0
22885/93,3.0
14032/88,3.0
22015/10,4.0
42010/06,3.0
7088/11,4.0
58688/11,3.0
27504/95,4.0
10090/16,3.0
68556/13,4.0
124/04,3.0
77208/16,4.0
50516/99,4.0
25038/08,4.0
53760/00,3.0
35436/97,3.0
45559/06,4.0
30810/03,3.0
43554/04,4.0
46389/99,3.0
25762/07,3.0
20652/92,3.0
17416/03,4.0
67258/13,3.0
44379/02,4.0
54039/00,4.0
33682/05,4.0
35109/06,3.0
19847/07,4.0
31477/05,4.0
29604/12,3.0
42752/04,4.0
33689/05,4.0
68444/01,3.0
21987/07,4.0
63508/11,4.0
22993/02,4.0
47698/99,1.0
56308/00,4.0
25088/11,4.0
8725/07,4.0
7653/06,4.0
43209/04,4.0
52019/07,3.0
22434/08,4.0
55795/11,4.0
6312/13,4.0
38703/97,1.0
29549/04,3.0
17534/03,4.0
6189/03,4.0
43380/10,3.0
9228/80,2.0
9807/02,4.0
3223/07,4.0
32547/03,4.0
7182/03,4.0
18412/05,4.0
45983/99,3.0
38872/03,4.0
34412/97,4.0
35080/04,4.0
8802/07,4.0
65833/09,4.0
10053/08,4.0
21061/06,4.0
18858/03,4.0
57345/00,4.0
22387/05,4.0
7888/03,3.0
35507/07,4.0
29612/05,3.0
15250/02,3.0
23338/09,3.0
27617/04,3.0
1303/02,1.0
34683/08,4.0
23824/94,3.0
22152/05,4.0
756/05,4.0
54468/09,3.0
4287/19,4.0
11761/85,2.0
17945/02,4.0
40756/06,3.0
25701/94,1.0
14416/06,4.0
41472/06,4.0
6729/07,4.0
41282/16,4.0
6906/03,4.0
38032/05,4.0
57831/13,4.0
73341/14,4.0
59644/09,4.0
2660/03,3.0
39311/05,3.0
12895/02,4.0
40642/02,4.0
19365/02,3.0
31379/10,4.0
62356/09,3.0
10616/02,4.0
10781/08,4.0
3690/10,3.0
25148/07,4.0
75535/01,3.0
24876/94,2.0
81142/17,4.0
27561/02,3.0
17247/13,3.0
24023/06,4.0
26657/07,4.0
54915/09,4.0
44322/13,4.0
43777/13,3.0
51204/99,4.0
37096/97,4.0
76096/01,4.0
13693/05,4.0
59913/00,4.0
33933/05,3.0
41299/09,4.0
61498/08,3.0
4571/04,4.0
41893/98,4.0
44497/06,4.0
15773/89,3.0
61898/00,4.0
35534/10,4.0
43578/98,3.0
62361/00,1.0
9190/03,3.0
69484/01,4.0
56111/12,4.0
2257/12,3.0
26606/04,4.0
47215/07,4.0
24784/02,4.0
15303/09,3.0
34418/04,4.0
23377/02,4.0
16033/06,4.0
23341/06,4.0
12556/03,3.0
75773/01,4.0
25924/06,4.0
24246/94,2.0
59532/00,3.0
46117/99,3.0
37829/08,4.0
35878/08,4.0
67353/01,4.0
16579/03,4.0
14077/05,4.0
69747/13,4.0
2311/04,4.0
45936/99,4.0
27966/06,4.0
66356/10,4.0
43868/06,4.0
18475/05,4.0
56334/08,4.0
7087/04,4.0
59696/00,3.0
13282/04,4.0
29765/02,4.0
919/15,4.0
59955/15,4.0
23657/94,1.0
35368/04,4.0
21893/93,1.0
44920/09,3.0
35561/06,4.0
12918/12,4.0
35185/04,4.0
17423/05,3.0
37758/03,4.0
43490/07,3.0
4171/03,4.0
45729/05,4.0
40426/98,3.0
36716/07,4.0
74054/11,4.0
2539/13,4.0
29089/06,3.0
35615/06,3.0
42533/11,4.0
32836/06,4.0
61112/12,3.0
17716/08,4.0
52623/14,4.0
7589/12,4.0
27183/03,4.0
31540/02,4.0
44374/04,4.0
47758/99,4.0
1901/05,4.0
38155/02,3.0
68377/17,4.0
2369/09,4.0
48521/99,3.0
37537/13,3.0
13457/11,4.0
35030/04,4.0
12979/04,4.0
45288/99,4.0
33707/14,4.0
28140/05,4.0
34759/04,4.0
74727/01,3.0
3267/03,4.0
22408/08,4.0
74889/16,4.0
54195/07,4.0
11612/05,4.0
18766/04,4.0
905/15,4.0
53173/10,4.0
4604/09,3.0
41288/15,3.0
32655/11,4.0
8612/02,4.0
69460/12,4.0
58656/10,4.0
42224/02,3.0
42974/07,4.0
20455/04,4.0
35394/97,3.0
13284/04,3.0
38460/97,4.0
57404/08,3.0
1006/07,3.0
66917/11,4.0
27057/06,3.0
11239/11,3.0
63689/13,4.0
14085/04,4.0
29432/08,4.0
39138/05,4.0
17459/13,4.0
25415/94,4.0
4646/08,3.0
9464/02,4.0
8001/07,3.0
27305/95,3.0
36455/02,4.0
19009/04,3.0
38845/04,4.0
41088/05,3.0
33138/06,3.0
35432/07,4.0
35254/07,3.0
4251/02,3.0
63507/11,4.0
52039/99,4.0
33302/08,4.0
35968/97,3.0
38937/97,4.0
36515/97,1.0
878/13,4.0
27250/02,4.0
33097/96,3.0
58174/00,4.0
25575/08,4.0
76141/01,4.0
36250/06,4.0
7186/09,3.0
56713/09,4.0
54511/11,4.0
19005/91,3.0
9390/05,4.0
48804/99,3.0
32457/05,3.0
35377/05,4.0
20937/07,3.0
7877/02,4.0
41461/10,3.0
30261/17,4.0
27065/05,3.0
3026/03,4.0
40025/10,4.0
63754/09,4.0
13566/02,4.0
7497/02,4.0
16901/03,4.0
25965/03,4.0
38258/03,3.0
78484/11,4.0
20954/13,4.0
2746/05,4.0
31948/05,4.0
76805/11,4.0
33264/02,4.0
412/03,3.0
54749/12,4.0
476/07,3.0
29921/96,4.0
31242/05,3.0
51521/99,4.0
50390/99,3.0
30279/07,4.0
19245/03,3.0
62000/00,4.0
37394/11,4.0
43425/98,1.0
44971/04,4.0
73743/11,4.0
7906/77,2.0
56987/15,4.0
6587/07,4.0
19538/10,4.0
30494/96,3.0
57468/08,4.0
80909/12,4.0
57814/12,4.0
75402/01,4.0
63398/13,3.0
11008/04,4.0
26676/06,4.0
43494/09,1.0
45771/99,3.0
24086/03,3.0
10247/09,4.0
33552/05,4.0
48621/07,3.0
36404/97,3.0
78162/13,4.0
35164/05,4.0
9967/06,4.0
19264/07,4.0
42289/11,4.0
33807/07,4.0
31761/04,4.0
31930/04,3.0
12111/04,3.0
72950/13,4.0
15131/17,4.0
29481/13,4.0
21731/03,4.0
27781/06,4.0
15185/05,4.0
44399/05,3.0
44244/08,4.0
67545/09,3.0
55723/00,3.0
47563/16,4.0
9673/09,4.0
45036/98,1.0
31387/05,4.0
19522/09,3.0
24277/03,4.0
13102/03,4.0
43709/02,4.0
24952/94,1.0
4629/03,4.0
81681/12,4.0
65191/01,4.0
36590/97,3.0
73233/01,4.0
30760/06,4.0
30162/10,3.0
9548/06,4.0
38623/03,4.0
48839/09,3.0
25315/08,4.0
68900/13,4.0
58662/11,4.0
30206/06,4.0
56185/07,4.0
8403/02,4.0
22365/10,4.0
33977/96,3.0
24620/02,4.0
37283/13,3.0
55193/00,4.0
101/15,4.0
49788/06,4.0
6518/04,3.0
3400/06,4.0
70520/10,4.0
31107/96,1.0
48474/14,4.0
4573/04,4.0
29980/08,4.0
47424/13,4.0
17967/03,4.0
42946/98,4.0
5548/05,4.0
54826/00,4.0
32166/04,4.0
5095/71,2.0
236/12,4.0
30352/03,3.0
28674/03,3.0
17/02,4.0
44158/98,1.0
9429/10,4.0
55161/00,4.0
2204/07,4.0
15438/05,3.0
2962/13,4.0
50070/10,4.0
64752/01,3.0
45029/98,4.0
13670/03,4.0
57258/00,4.0
35179/97,3.0
28071/02,4.0
6128/12,4.0
6903/75,2.0
71605/01,4.0
20543/02,4.0
71205/11,4.0
67485/17,4.0
42711/02,4.0
41511/02,4.0
25904/07,3.0
20330/03,4.0
30431/03,4.0
21752/02,4.0
39602/05,3.0
78028/01,1.0
20075/05,4.0
15890/04,4.0
56662/09,4.0
11562/05,4.0
21249/05,4.0
32844/07,4.0
45285/12,3.0
1175/06,3.0
609/14,4.0
26256/11,4.0
15684/05,3.0
55594/13,4.0
53161/99,4.0
26105/03,4.0
39269/98,3.0
8140/04,3.0
35692/11,3.0
75139/01,3.0
3840/05,4.0
4828/04,4.0
27533/04,4.0
9302/11,4.0
29431/05,3.0
41610/98,4.0
5447/03,3.0
31276/02,4.0
37374/05,3.0
16974/15,4.0
32217/96,3.0
40523/08,4.0
12444/05,3.0
1750/03,4.0
33158/96,1.0
6878/75,2.0
70750/14,4.0
50064/99,4.0
44153/06,4.0
28348/09,4.0
10375/08,4.0
61920/09,4.0
41887/09,4.0
14349/03,4.0
23541/94,1.0
9077/05,4.0
61766/11,4.0
59320/00,3.0
15333/16,4.0
36487/12,4.0
17623/04,4.0
36619/05,4.0
16048/06,4.0
26958/04,4.0
11887/07,4.0
37119/97,3.0
6888/03,3.0
77512/01,4.0
7215/75,2.0
23747/05,4.0
50371/09,4.0
74441/14,4.0
32783/03,4.0
39071/08,4.0
48243/11,4.0
43715/05,4.0
5410/03,3.0
75687/01,4.0
54727/00,4.0
46506/99,4.0
62608/00,4.0
901/05,4.0
19406/05,4.0
39326/02,4.0
55299/07,4.0
50110/99,3.0
18966/02,4.0
50859/10,4.0
30686/03,4.0
36495/02,4.0
16407/05,4.0
69095/10,4.0
38321/03,4.0
31572/03,4.0
28299/95,3.0
31720/02,3.0
33294/03,4.0
27945/10,4.0
16609/05,4.0
50171/09,4.0
41033/98,4.0
2866/13,4.0
75879/14,4.0
11375/02,3.0
4853/02,4.0
60856/00,3.0
36650/03,3.0
9269/08,4.0
35187/07,4.0
926/08,3.0
38030/12,4.0
20743/07,4.0
38291/07,4.0
36661/07,3.0
41262/05,3.0
56161/00,4.0
23280/08,4.0
71463/01,1.0
65422/01,3.0
33593/03,4.0
27915/95,3.0
24654/03,4.0
7505/06,3.0
43123/10,4.0
1585/09,3.0
24676/07,4.0
70786/01,3.0
23872/04,3.0
35877/05,4.0
35332/17,4.0
12049/02,4.0
28159/03,4.0
27620/09,4.0
47761/16,4.0
54333/13,4.0
41338/06,4.0
27962/10,4.0
19246/10,3.0
20745/04,4.0
921/14,4.0
12381/04,4.0
16717/90,3.0
31892/96,4.0
39424/02,3.0
23086/08,3.0
3013/04,3.0
5489/16,4.0
71071/01,4.0
40394/10,4.0
22107/03,4.0
10533/83,2.0
45797/09,4.0
56547/10,4.0
13071/06,4.0
54723/00,4.0
68050/01,4.0
9138/02,4.0
61467/12,3.0
8759/05,4.0
33740/06,3.0
45028/13,4.0
35523/06,3.0
50271/06,4.0
39878/05,4.0
2961/09,4.0
14322/12,4.0
25895/05,4.0
34568/08,3.0
22755/04,4.0
40020/03,3.0
4158/05,3.0
10857/84,2.0
70923/11,4.0
24376/08,4.0
30474/03,4.0
7211/06,4.0
29437/02,4.0
50165/06,4.0
31548/96,4.0
39374/98,4.0
40117/02,3.0
68924/12,3.0
247/11,4.0
22149/05,4.0
61034/09,4.0
25714/05,4.0
52241/14,3.0
19632/92,3.0
29891/02,4.0
15509/12,3.0
18297/13,4.0
45658/99,3.0
41738/10,1.0
20310/02,4.0
30072/04,4.0
32349/16,3.0
46443/09,3.0
1291/03,3.0
42435/02,3.0
7525/76,2.0
9962/05,4.0
68939/12,3.0
43932/08,3.0
32702/13,4.0
18368/02,4.0
1413/08,3.0
55593/15,4.0
44320/98,3.0
51772/99,1.0
37295/05,4.0
49614/18,4.0
29843/04,4.0
50446/09,3.0
12020/09,3.0
24069/03,3.0
20511/03,3.0
36503/11,3.0
30265/09,3.0
38411/02,3.0
17494/16,4.0
35527/04,4.0
48038/06,3.0
63113/13,4.0
41444/98,4.0
7259/03,3.0
54169/00,4.0
39814/04,4.0
22118/02,4.0
31553/03,4.0
33512/04,4.0
15464/02,4.0
17551/02,4.0
43626/98,1.0
18414/10,4.0
9765/10,4.0
42697/05,3.0
26124/02,4.0
15242/04,4.0
18968/05,4.0
74814/14,4.0
10662/06,3.0
45264/04,4.0
53205/13,3.0
20089/06,3.0
51/06,3.0
66166/13,4.0
25230/03,3.0
7971/07,4.0
12021/06,4.0
48171/99,4.0
14755/03,4.0
41152/06,4.0
28472/08,4.0
29202/95,3.0
37685/10,1.0
2700/10,3.0
11491/85,2.0
22350/13,4.0
5993/08,4.0
27577/04,4.0
10633/15,4.0
41516/10,4.0
67604/10,4.0
36613/08,4.0
15741/03,3.0
31694/06,4.0
20755/04,3.0
23779/02,4.0
48719/08,4.0
77785/01,3.0
20915/07,4.0
12986/13,4.0
65859/01,4.0
46400/09,4.0
2068/03,4.0
48191/99,4.0
38361/97,1.0
37193/08,4.0
71251/01,4.0
21700/02,4.0
32737/16,4.0
21980/04,1.0
35810/14,4.0
48009/08,3.0
27243/03,4.0
44137/12,4.0
4772/06,4.0
562/05,3.0
67320/10,4.0
68842/13,4.0
15259/11,4.0
31866/96,1.0
8937/09,4.0
5433/02,3.0
52644/99,4.0
36898/03,3.0
21200/05,3.0
14769/09,4.0
40355/11,3.0
31622/07,4.0
14464/11,3.0
71660/11,4.0
38011/97,4.0
36775/05,4.0
43365/02,4.0
8260/04,4.0
14448/88,2.0
19567/02,4.0
3300/10,3.0
50098/07,3.0
1313/08,4.0
2683/12,4.0
31172/07,4.0
6323/03,4.0
2703/02,4.0
5425/11,3.0
35019/97,4.0
33706/05,4.0
26646/07,4.0
33234/07,3.0
4596/02,4.0
68479/01,3.0
42295/98,3.0
39270/98,3.0
16328/03,4.0
59297/09,4.0
35367/05,4.0
41202/98,4.0
23954/10,3.0
36044/09,3.0
21363/09,4.0
42049/98,4.0
44125/06,4.0
7883/02,4.0
62179/00,4.0
16757/90,3.0
10775/09,3.0
35999/97,4.0
52160/13,4.0
30475/03,4.0
7461/08,4.0
28704/06,4.0
37666/13,4.0
7436/02,4.0
38665/97,4.0
37062/02,4.0
10226/03,1.0
9278/06,4.0
34461/07,4.0
16443/07,4.0
24490/03,4.0
22766/02,4.0
32526/05,3.0
70148/01,4.0
6490/07,4.0
4968/10,4.0
25198/02,3.0
59704/08,4.0
27303/09,4.0
17318/06,3.0
63638/09,3.0
22986/04,4.0
44292/09,4.0
21322/02,4.0
19956/06,4.0
10543/03,4.0
49418/99,4.0
32529/18,4.0
140/10,3.0
50733/99,4.0
332/57,2.0
7151/75,2.0
34000/96,1.0
26918/02,4.0
51151/06,4.0
8866/04,4.0
31253/96,1.0
31475/05,3.0
17800/10,4.0
25329/05,4.0
51876/13,4.0
54252/07,3.0
1182/05,4.0
32385/96,4.0
8513/11,3.0
42475/04,4.0
17252/04,4.0
48254/99,3.0
67374/11,4.0
53139/11,4.0
24396/94,3.0
32953/13,4.0
42857/02,4.0
9094/05,4.0
14940/89,2.0
39783/05,4.0
40345/98,4.0
54836/00,4.0
31181/03,4.0
41152/98,4.0
42991/13,4.0
29366/03,4.0
50775/13,4.0
44954/04,4.0
20261/12,1.0
13150/11,4.0
7265/10,4.0
12188/06,3.0
50719/06,4.0
44654/06,4.0
34272/09,4.0
60115/00,1.0
32540/05,4.0
48140/99,4.0
2637/05,4.0
2974/05,4.0
22892/03,4.0
17317/08,4.0
76648/12,4.0
7973/10,4.0
19336/04,3.0
17277/03,4.0
43624/14,4.0
59334/00,3.0
13601/05,4.0
36184/13,4.0
13770/88,2.0
32357/96,3.0
1401/08,3.0
33117/02,3.0
35088/07,4.0
45756/05,4.0
48108/07,4.0
14750/06,4.0
604/07,3.0
4572/06,3.0
39619/09,4.0
21240/05,4.0
29699/96,4.0
3383/06,4.0
27585/13,4.0
65888/01,4.0
2418/16,4.0
12744/87,3.0
81639/17,4.0
39665/98,1.0
773/03,3.0
57641/00,4.0
10398/04,4.0
5865/07,3.0
60045/10,3.0
17526/10,3.0
21050/02,4.0
76525/01,4.0
26853/04,4.0
14898/04,4.0
72780/12,4.0
19011/05,4.0
42731/06,4.0
6433/18,4.0
11930/11,4.0
21055/09,3.0
8400/07,3.0
17739/09,3.0
1448/04,3.0
40835/98,4.0
58240/08,4.0
25732/05,3.0
62978/15,4.0
16909/06,4.0
35821/18,4.0
37710/97,1.0
24706/05,4.0
1562/10,3.0
5334/11,4.0
28389/06,3.0
39846/04,4.0
31953/11,3.0
7070/04,4.0
1415/11,4.0
2166/15,4.0
55885/00,4.0
74420/01,1.0
35685/97,3.0
31881/02,4.0
44396/05,4.0
18026/03,4.0
70840/10,4.0
8777/79,2.0
35081/10,4.0
10319/04,4.0
9929/12,3.0
8347/12,4.0
37598/97,3.0
17906/15,4.0
67449/14,4.0
50933/07,4.0
27912/02,3.0
34481/97,3.0
25498/08,3.0
42046/06,4.0
23380/09,3.0
57847/00,4.0
39447/03,4.0
75779/01,4.0
14613/02,4.0
18390/02,4.0
25629/94,3.0
63696/12,4.0
27900/04,4.0
75845/01,4.0
7819/77,2.0
34000/02,4.0
43734/14,3.0
19055/05,3.0
11408/16,4.0
42138/07,4.0
42927/08,4.0
30009/03,4.0
18322/03,4.0
30357/05,3.0
71386/10,3.0
36395/07,4.0
14130/14,4.0
38395/12,3.0
61530/00,4.0
24651/03,4.0
31535/04,4.0
13778/88,2.0
4451/70,2.0
2573/03,4.0
18899/19,4.0
63158/00,4.0
5635/09,4.0
52550/08,4.0
27455/06,3.0
2983/02,4.0
75469/01,4.0
15562/02,4.0
40555/04,4.0
47880/14,4.0
31044/12,4.0
64659/11,4.0
46245/99,4.0
15938/02,4.0
64480/09,3.0
60299/00,4.0
8429/05,4.0
54115/09,4.0
51728/99,4.0
55939/00,4.0
14949/02,4.0
752/15,4.0
61940/13,4.0
121/11,4.0
39712/05,4.0
38380/08,3.0
30276/03,4.0
1423/02,4.0
29296/95,3.0
62617/00,3.0
55913/00,4.0
36043/13,4.0
39898/03,4.0
12167/04,4.0
21268/04,4.0
29381/09,1.0
52643/07,3.0
17391/90,3.0
34211/04,4.0
67334/13,3.0
13737/03,4.0
46871/07,4.0
32263/03,3.0
14308/07,4.0
79867/12,3.0
24271/94,3.0
56795/13,4.0
18951/04,4.0
60367/10,4.0
14925/03,4.0
38918/02,4.0
66823/12,4.0
45190/07,4.0
2870/11,3.0
33857/17,4.0
36035/04,3.0
20161/06,3.0
10964/84,2.0
17081/06,4.0
36110/97,4.0
14656/03,4.0
36755/06,3.0
9907/02,3.0
8609/04,4.0
6566/05,4.0
60274/00,4.0
36942/03,4.0
57088/12,4.0
61596/00,4.0
24999/04,4.0
11770/08,3.0
63337/16,4.0
3489/03,4.0
32520/09,3.0
20113/07,4.0
7601/76,2.0
5235/09,4.0
33685/05,4.0
40465/04,4.0
21518/09,4.0
71731/01,3.0
69397/11,4.0
7821/07,4.0
33038/04,4.0
38054/05,4.0
63993/00,3.0
50196/99,3.0
60561/14,1.0
68556/10,4.0
40078/03,4.0
26374/18,3.0
26839/05,3.0
24751/10,4.0
57792/15,3.0
38945/05,4.0
47486/07,4.0
18487/03,3.0
26664/03,3.0
36985/97,3.0
42575/07,4.0
29360/06,4.0
33354/96,3.0
56568/00,4.0
19133/91,3.0
1479/08,4.0
28793/02,4.0
24559/04,4.0
33333/11,4.0
30089/03,4.0
19162/03,4.0
1461/02,4.0
55555/08,3.0
2326/11,4.0
63346/13,4.0
17506/90,2.0
19027/07,4.0
33203/08,3.0
44277/98,4.0
38262/10,4.0
42168/06,3.0
64846/11,4.0
7886/08,4.0
24130/04,4.0
21788/06,3.0
19634/07,4.0
69235/11,4.0
27082/09,4.0
35843/97,4.0
36256/97,3.0
73579/10,3.0
44038/05,4.0
20307/02,3.0
18837/06,3.0
55740/10,4.0
52495/99,4.0
12278/03,3.0
19574/09,4.0
21132/05,3.0
30808/11,3.0
10825/09,3.0
70879/11,3.0
59005/08,4.0
72701/01,3.0
55506/08,4.0
66610/09,3.0
6767/03,4.0
47268/06,3.0
21237/93,2.0
8661/06,4.0
5989/03,4.0
33499/96,4.0
3946/05,3.0
64283/01,3.0
28698/09,4.0
32344/13,4.0
60041/08,3.0
4168/10,4.0
29287/02,4.0
44973/04,3.0
15613/10,3.0
42998/08,3.0
38998/09,4.0
37328/97,3.0
3512/11,4.0
24213/08,3.0
46317/99,3.0
52796/08,4.0
45901/05,3.0
66157/14,4.0
60336/08,4.0
17724/14,3.0
10508/02,3.0
17599/07,4.0
19438/05,4.0
44436/13,4.0
16435/10,3.0
71342/01,4.0
3869/04,4.0
47081/06,4.0
6282/06,4.0
37850/97,4.0
45902/99,4.0
37641/04,4.0
21179/02,4.0
886/11,4.0
20497/13,4.0
48357/07,3.0
13191/02,4.0
38885/02,3.0
2281/06,3.0
53254/99,3.0
3305/04,4.0
3172/08,4.0
10699/05,1.0
29420/03,4.0
39897/02,4.0
20436/02,4.0
41214/08,4.0
2345/06,3.0
49284/09,4.0
4547/10,3.0
43580/98,4.0
14364/06,4.0
80529/13,4.0
21786/15,4.0
5995/06,3.0
12846/05,4.0
51143/07,3.0
14249/07,4.0
28923/95,3.0
27309/14,4.0
28396/95,1.0
34049/96,1.0
24490/94,3.0
41550/02,4.0
2563/06,3.0
38993/97,3.0
16492/02,4.0
16026/12,4.0
75362/01,3.0
23819/94,1.0
57435/09,4.0
18813/06,4.0
20200/02,4.0
48717/08,4.0
25604/06,4.0
52782/99,4.0
16162/90,4.0
17970/10,4.0
23401/04,4.0
1811/06,4.0
45092/07,3.0
2814/04,4.0
77850/12,4.0
62649/10,1.0
22443/05,4.0
16787/02,4.0
38812/97,3.0
52180/17,4.0
41594/06,4.0
63391/00,4.0
26602/95,3.0
18944/02,3.0
36772/04,4.0
74550/12,4.0
77420/01,4.0
59653/00,4.0
41281/13,4.0
39731/12,4.0
44381/04,4.0
7677/02,4.0
12219/05,4.0
38654/97,3.0
34396/05,4.0
27471/15,4.0
7299/75,2.0
66298/01,3.0
40543/04,4.0
2832/66,2.0
18419/13,3.0
53398/13,4.0
13771/02,4.0
23505/09,3.0
52873/11,4.0
72994/01,4.0
27278/03,1.0
7210/02,4.0
5327/11,4.0
38676/08,3.0
69929/12,4.0
9898/02,4.0
16013/02,4.0
42774/04,4.0
74681/11,4.0
43038/13,4.0
27180/03,4.0
48666/99,3.0
18508/07,4.0
76965/01,4.0
1068/12,4.0
56328/07,3.0
28443/05,4.0
9549/05,4.0
48817/99,4.0
37617/10,4.0
13024/05,4.0
4097/13,3.0
21896/08,3.0
2689/65,2.0
68385/10,4.0
36059/12,4.0
64204/10,4.0
30711/03,4.0
55220/00,4.0
40694/98,4.0
46284/99,4.0
41333/14,4.0
17949/03,4.0
18892/04,4.0
36919/02,2.0
48782/99,4.0
25437/08,3.0
19433/07,4.0
7153/07,4.0
11916/15,3.0
10109/14,3.0
41073/02,4.0
61821/00,3.0
56134/08,4.0
38904/05,4.0
65437/10,4.0
62077/08,4.0
49876/16,4.0
37645/10,4.0
1509/05,4.0
8870/02,4.0
52589/13,4.0
76524/01,4.0
58359/08,3.0
16887/07,4.0
22671/04,4.0
14737/08,3.0
21920/93,3.0
36246/97,4.0
42306/02,4.0
35382/97,1.0
26629/95,3.0
24459/12,4.0
35701/04,4.0
41736/18,4.0
72359/11,4.0
43284/02,4.0
22580/04,4.0
18700/09,4.0
8784/11,4.0
4239/08,3.0
61827/00,1.0
1813/07,3.0
1409/03,4.0
25942/94,3.0
5382/07,4.0
7516/10,4.0
26876/08,4.0
6018/12,4.0
4725/13,4.0
54457/00,4.0
62120/09,4.0
68496/10,4.0
69861/11,3.0
52479/99,4.0
679/13,4.0
7319/05,4.0
26682/95,1.0
19920/13,3.0
44189/98,4.0
68020/01,3.0
37950/97,3.0
24703/15,3.0
22601/09,4.0
5713/11,4.0
19554/06,3.0
14224/05,4.0
6390/03,4.0
35973/02,4.0
33505/96,4.0
33188/07,4.0
57675/10,3.0
48798/14,4.0
16558/18,4.0
7334/13,3.0
18339/04,4.0
55102/13,4.0
23366/94,2.0
40934/15,4.0
69419/13,4.0
22671/93,4.0
821/03,3.0
37647/04,4.0
7848/06,4.0
63964/00,4.0
73988/01,4.0
14914/03,4.0
72608/14,4.0
46601/06,4.0
57476/09,4.0
48554/10,3.0
5770/05,3.0
37287/09,4.0
47889/08,4.0
39631/06,4.0
66993/13,4.0
9441/10,3.0
45281/08,4.0
55477/10,4.0
16207/05,4.0
40293/06,4.0
37892/18,4.0
6966/13,4.0
31790/03,4.0
11855/85,2.0
16231/06,4.0
8713/03,4.0
11638/02,4.0
31008/02,4.0
16982/05,4.0
39553/12,4.0
14967/89,1.0
8630/03,4.0
6846/02,3.0
17521/09,4.0
20704/92,3.0
342/09,4.0
5266/02,4.0
64886/01,4.0
72022/01,4.0
8656/10,3.0
30649/05,3.0
39254/10,4.0
60860/00,4.0
17090/15,4.0
32621/11,4.0
31423/96,1.0
60037/00,4.0
34458/03,4.0
17320/10,3.0
77519/01,4.0
61233/12,4.0
10511/04,4.0
16437/04,4.0
61976/10,4.0
22163/08,4.0
58170/13,3.0
16980/06,4.0
22983/10,4.0
2872/02,3.0
19279/03,3.0
20458/92,3.0
24827/06,4.0
50043/14,4.0
43095/05,4.0
34425/04,3.0
23815/04,3.0
32744/10,4.0
17995/02,3.0
48874/06,4.0
41183/02,3.0
14791/04,4.0
12773/03,3.0
42989/13,4.0
1452/09,4.0
10071/04,3.0
14727/11,3.0
18682/09,4.0
51012/11,4.0
10368/05,4.0
24738/11,4.0
62864/09,4.0
49341/10,3.0
27335/13,4.0
4537/04,4.0
33955/08,3.0
43463/09,4.0
17142/18,4.0
27251/03,3.0
62812/12,4.0
868/05,4.0
12131/18,4.0
17241/06,4.0
28525/95,2.0
34344/07,4.0
11867/08,4.0
49076/06,4.0
8217/04,4.0
49998/17,4.0
72269/01,4.0
66463/01,4.0
29846/05,3.0
458/03,4.0
49616/06,3.0
35254/04,4.0
6799/02,4.0
21951/15,4.0
4966/13,3.0
15397/02,3.0
14151/02,3.0
44785/98,4.0
43611/11,1.0
32400/12,4.0
80960/12,4.0
18896/91,3.0
55339/07,4.0
71932/12,4.0
16424/90,2.0
31305/09,3.0
8138/16,3.0
34658/97,4.0
17039/13,4.0
57706/10,4.0
48783/07,3.0
25706/03,4.0
43441/15,4.0
42080/11,4.0
4487/04,3.0
39380/13,4.0
42908/98,3.0
66217/10,4.0
62844/00,4.0
21787/93,2.0
22872/10,4.0
23892/03,4.0
12192/06,4.0
8883/04,4.0
14807/08,4.0
76317/11,4.0
35283/14,4.0
30132/04,3.0
40303/98,4.0
31655/02,4.0
18157/04,4.0
22080/09,4.0
12424/06,4.0
55687/00,4.0
4505/08,4.0
44151/12,3.0
14057/17,3.0
29647/16,4.0
13886/02,4.0
676/09,4.0
7841/14,4.0
10551/10,4.0
22978/05,3.0
25825/05,4.0
68490/01,3.0
27795/03,4.0
42525/07,3.0
48555/10,3.0
47598/08,4.0
65196/01,4.0
20714/19,4.0
12499/05,4.0
7025/04,3.0
28739/09,4.0
60776/00,4.0
8174/05,4.0
15477/14,4.0
6875/05,4.0
17181/09,4.0
10873/84,2.0
63463/09,4.0
73481/01,3.0
77821/01,4.0
16583/04,4.0
42119/04,3.0
24888/94,1.0
45044/06,4.0
72967/01,3.0
20739/05,3.0
46004/99,4.0
56337/00,4.0
65681/13,3.0
56760/00,3.0
40166/07,4.0
74240/01,4.0
27516/04,4.0
1902/16,4.0
40330/98,4.0
8803/02,3.0
21257/93,3.0
63543/00,4.0
9446/02,4.0
25251/04,4.0
7232/07,4.0
69863/13,4.0
59341/09,4.0
5769/11,4.0
65557/14,4.0
78441/11,4.0
68890/01,4.0
41463/02,4.0
67099/01,4.0
33262/03,4.0
34806/04,3.0
22039/03,4.0
2697/06,4.0
29032/04,3.0
25114/11,4.0
67140/01,4.0
10890/84,2.0
1085/10,4.0
13008/13,4.0
68955/12,3.0
34472/07,3.0
54146/09,4.0
4063/04,3.0
63995/00,4.0
4963/06,4.0
33750/03,4.0
37354/03,4.0
18860/07,4.0
20159/15,3.0
52071/99,4.0
47881/11,3.0
26973/95,3.0
37542/05,4.0
64398/01,3.0
44658/12,4.0
9271/07,4.0
960/13,4.0
24885/05,4.0
29920/05,3.0
39177/05,3.0
3784/04,4.0
44912/98,3.0
2311/10,4.0
75817/01,4.0
22698/09,4.0
33983/02,4.0
11994/03,3.0
3885/04,4.0
24132/12,4.0
58613/08,4.0
28859/11,3.0
39405/03,4.0
22921/05,4.0
62930/12,4.0
13472/06,4.0
31987/10,4.0
23364/03,4.0
22088/04,3.0
13820/04,4.0
64927/01,3.0
28272/95,4.0
17373/02,3.0
17303/15,4.0
34616/02,3.0
23939/02,4.0
37451/97,3.0
31246/02,4.0
42478/04,4.0
13621/08,3.0
16484/02,4.0
19150/13,4.0
33644/96,3.0
23878/94,3.0
43233/02,3.0
25091/07,3.0
9749/82,2.0
40653/98,3.0
35841/16,4.0
13312/08,4.0
10732/05,4.0
11039/02,3.0
56280/07,4.0
33401/02,3.0
22302/10,3.0
66256/11,4.0
22674/02,4.0
5349/02,4.0
31393/08,4.0
25550/05,4.0
8307/11,3.0
58781/13,4.0
14148/05,4.0
38719/09,4.0
33343/96,3.0
21318/12,4.0
7788/11,4.0
59367/00,4.0
78352/14,4.0
37198/10,4.0
29088/08,4.0
59450/00,1.0
325/07,4.0
66313/14,4.0
3102/05,4.0
44554/13,4.0
31939/06,4.0
25601/12,4.0
29097/08,4.0
34622/04,2.0
942/02,4.0
48416/09,4.0
55408/07,4.0
22906/04,4.0
42202/07,3.0
38975/05,4.0
6360/04,4.0
24436/06,4.0
17304/03,4.0
5140/02,3.0
33949/02,4.0
33774/08,3.0
11770/03,4.0
33071/12,4.0
28785/04,4.0
33186/08,3.0
11296/84,2.0
43215/10,4.0
65897/01,4.0
11208/03,4.0
24527/08,3.0
35431/05,4.0
35403/06,4.0
31555/05,3.0
9303/02,4.0
32700/04,4.0
1962/07,4.0
15364/11,4.0
19421/15,4.0
3002/03,3.0
27052/95,1.0
46134/08,4.0
35916/08,4.0
57541/09,3.0
3638/04,4.0
14414/03,3.0
22775/03,4.0
76505/14,4.0
19177/09,4.0
1874/13,1.0
29724/08,4.0
10071/11,4.0
24827/05,4.0
33745/96,3.0
42095/98,3.0
39832/98,3.0
43044/05,3.0
72230/11,4.0
26189/06,4.0
14097/12,3.0
35041/05,3.0
76836/01,3.0
24662/94,1.0
7033/06,4.0
5701/02,4.0
19611/04,3.0
56080/13,3.0
45027/98,3.0
46546/12,4.0
36988/07,3.0
44896/11,4.0
1395/02,4.0
4345/06,4.0
10761/09,4.0
805/09,4.0
44711/16,4.0
21155/18,4.0
